,slide_id,Y,Y_hat,p_0,p_1,MP ID,Breed,Age (years),KIT Pattern,Ki67,AgNOR,AgNOR x Ki67,Kiupel,Patnaik
1,CP_MP-21-0005067,1.0,1.0,0.0387860052287578,0.961214005947113,CP_MP-21-0005067,Mixed ,12,1.0,12,2.5,27.1,Low,2.0
1,CP_MP-21-0005067,1.0,1.0,0.0899988338351249,0.9100011587142944,CP_MP-21-0005067,Mixed ,12,1.0,12,2.5,27.1,Low,2.0
1,CP_MP-21-0005067,1.0,1.0,0.0727245062589645,0.9272754788398744,CP_MP-21-0005067,Mixed ,12,1.0,12,2.5,27.1,Low,2.0
1,CP_MP-21-0005067,1.0,1.0,0.09794332832098,0.9020566344261168,CP_MP-21-0005067,Mixed ,12,1.0,12,2.5,27.1,Low,2.0
1,CP_MP-21-0005067,1.0,1.0,0.0613897964358329,0.9386101961135864,CP_MP-21-0005067,Mixed ,12,1.0,12,2.5,27.1,Low,2.0
1,CP_MP-21-0005067,1.0,1.0,0.0803898349404335,0.91961008310318,CP_MP-21-0005067,Mixed ,12,1.0,12,2.5,27.1,Low,2.0
1,CP_MP-21-0005067,1.0,1.0,0.163604274392128,0.836395800113678,CP_MP-21-0005067,Mixed ,12,1.0,12,2.5,27.1,Low,2.0
1,CP_MP-21-0005067,1.0,1.0,0.1453552544116974,0.8546447157859802,CP_MP-21-0005067,Mixed ,12,1.0,12,2.5,27.1,Low,2.0
1,CP_MP-21-0005067,1.0,1.0,0.1196193844079971,0.8803806304931641,CP_MP-21-0005067,Mixed ,12,1.0,12,2.5,27.1,Low,2.0
1,CP_MP-21-0005067,1.0,1.0,0.1807901561260223,0.8192098140716553,CP_MP-21-0005067,Mixed ,12,1.0,12,2.5,27.1,Low,2.0
2,CP_MP-20-0015231,1.0,1.0,0.0187225379049778,0.9812774062156676,CP_MP-20-0015231,Labrador,7,2.0,30,2.7,79.7,High,2.0
2,CP_MP-20-0015231,1.0,1.0,0.1029509007930755,0.897049069404602,CP_MP-20-0015231,Labrador,7,2.0,30,2.7,79.7,High,2.0
2,CP_MP-20-0015231,1.0,1.0,0.0712907165288925,0.9287092685699464,CP_MP-20-0015231,Labrador,7,2.0,30,2.7,79.7,High,2.0
2,CP_MP-20-0015231,1.0,1.0,0.050965491682291,0.9490345120429992,CP_MP-20-0015231,Labrador,7,2.0,30,2.7,79.7,High,2.0
2,CP_MP-20-0015231,1.0,1.0,0.0474030673503875,0.9525969624519348,CP_MP-20-0015231,Labrador,7,2.0,30,2.7,79.7,High,2.0
2,CP_MP-20-0015231,1.0,1.0,0.2349831163883209,0.7650169134140015,CP_MP-20-0015231,Labrador,7,2.0,30,2.7,79.7,High,2.0
2,CP_MP-20-0015231,1.0,1.0,0.1373469084501266,0.8626531362533569,CP_MP-20-0015231,Labrador,7,2.0,30,2.7,79.7,High,2.0
2,CP_MP-20-0015231,1.0,1.0,0.400106132030487,0.5998939275741577,CP_MP-20-0015231,Labrador,7,2.0,30,2.7,79.7,High,2.0
2,CP_MP-20-0015231,1.0,1.0,0.0846555531024932,0.9153444170951844,CP_MP-20-0015231,Labrador,7,2.0,30,2.7,79.7,High,2.0
2,CP_MP-20-0015231,1.0,1.0,0.1610901653766632,0.8389098644256592,CP_MP-20-0015231,Labrador,7,2.0,30,2.7,79.7,High,2.0
3,CP_MP-18-0000802,1.0,1.0,0.0866989493370056,0.9133010506629944,CP_MP-18-0000802,Labrador ,,2,16,1.5,24.0,Low,2.0
3,CP_MP-18-0000802,1.0,1.0,0.0718974694609642,0.9281024932861328,CP_MP-18-0000802,Labrador ,,2,16,1.5,24.0,Low,2.0
3,CP_MP-18-0000802,1.0,1.0,0.0575233623385429,0.9424766898155212,CP_MP-18-0000802,Labrador ,,2,16,1.5,24.0,Low,2.0
3,CP_MP-18-0000802,1.0,1.0,0.0448790341615676,0.9551209807395936,CP_MP-18-0000802,Labrador ,,2,16,1.5,24.0,Low,2.0
3,CP_MP-18-0000802,1.0,1.0,0.0533804148435592,0.9466196298599244,CP_MP-18-0000802,Labrador ,,2,16,1.5,24.0,Low,2.0
3,CP_MP-18-0000802,1.0,1.0,0.1873399913311004,0.8126599788665771,CP_MP-18-0000802,Labrador ,,2,16,1.5,24.0,Low,2.0
3,CP_MP-18-0000802,1.0,1.0,0.1414466798305511,0.8585533499717712,CP_MP-18-0000802,Labrador ,,2,16,1.5,24.0,Low,2.0
3,CP_MP-18-0000802,1.0,1.0,0.0934248343110084,0.9065751433372498,CP_MP-18-0000802,Labrador ,,2,16,1.5,24.0,Low,2.0
3,CP_MP-18-0000802,1.0,1.0,0.0766075626015663,0.923392415046692,CP_MP-18-0000802,Labrador ,,2,16,1.5,24.0,Low,2.0
3,CP_MP-18-0000802,1.0,1.0,0.1842066943645477,0.8157933354377747,CP_MP-18-0000802,Labrador ,,2,16,1.5,24.0,Low,2.0
4,CP_MP-21-0001084,1.0,1.0,0.0628970712423324,0.9371029138565063,CP_MP-21-0001084,Springer Spaniel,8,2.0,27,2.9,78.3,Low,2.0
4,CP_MP-21-0001084,1.0,1.0,0.0492613613605499,0.9507386684417723,CP_MP-21-0001084,Springer Spaniel,8,2.0,27,2.9,78.3,Low,2.0
4,CP_MP-21-0001084,1.0,1.0,0.032645609229803,0.9673543572425842,CP_MP-21-0001084,Springer Spaniel,8,2.0,27,2.9,78.3,Low,2.0
4,CP_MP-21-0001084,1.0,1.0,0.0658275485038757,0.9341724514961244,CP_MP-21-0001084,Springer Spaniel,8,2.0,27,2.9,78.3,Low,2.0
4,CP_MP-21-0001084,1.0,1.0,0.0395288281142711,0.9604711532592772,CP_MP-21-0001084,Springer Spaniel,8,2.0,27,2.9,78.3,Low,2.0
4,CP_MP-21-0001084,1.0,1.0,0.0389489978551864,0.9610510468482972,CP_MP-21-0001084,Springer Spaniel,8,2.0,27,2.9,78.3,Low,2.0
4,CP_MP-21-0001084,1.0,1.0,0.4994981288909912,0.5005018711090088,CP_MP-21-0001084,Springer Spaniel,8,2.0,27,2.9,78.3,Low,2.0
4,CP_MP-21-0001084,1.0,1.0,0.2225036174058914,0.777496337890625,CP_MP-21-0001084,Springer Spaniel,8,2.0,27,2.9,78.3,Low,2.0
4,CP_MP-21-0001084,1.0,1.0,0.0560447052121162,0.9439553022384644,CP_MP-21-0001084,Springer Spaniel,8,2.0,27,2.9,78.3,Low,2.0
4,CP_MP-21-0001084,1.0,1.0,0.1161021143198013,0.8838979005813599,CP_MP-21-0001084,Springer Spaniel,8,2.0,27,2.9,78.3,Low,2.0
5,CP_MP-20-0015012,1.0,0.0,0.8787012100219727,0.1212987601757049,CP_MP-20-0015012,?,?,2.0,3.4,1.97,6.69,Low,2.0
5,CP_MP-20-0015012,1.0,0.0,0.6981908679008484,0.3018091320991516,CP_MP-20-0015012,?,?,2.0,3.4,1.97,6.69,Low,2.0
5,CP_MP-20-0015012,1.0,0.0,0.863930344581604,0.1360696405172348,CP_MP-20-0015012,?,?,2.0,3.4,1.97,6.69,Low,2.0
5,CP_MP-20-0015012,1.0,0.0,0.9380642771720886,0.0619356967508792,CP_MP-20-0015012,?,?,2.0,3.4,1.97,6.69,Low,2.0
5,CP_MP-20-0015012,1.0,0.0,0.8768309950828552,0.1231689974665641,CP_MP-20-0015012,?,?,2.0,3.4,1.97,6.69,Low,2.0
5,CP_MP-20-0015012,1.0,0.0,0.8565900921821594,0.1434099227190017,CP_MP-20-0015012,?,?,2.0,3.4,1.97,6.69,Low,2.0
5,CP_MP-20-0015012,1.0,0.0,0.9246933460235596,0.0753066167235374,CP_MP-20-0015012,?,?,2.0,3.4,1.97,6.69,Low,2.0
5,CP_MP-20-0015012,1.0,0.0,0.8165223598480225,0.1834776699542999,CP_MP-20-0015012,?,?,2.0,3.4,1.97,6.69,Low,2.0
5,CP_MP-20-0015012,1.0,0.0,0.6055042743682861,0.3944956958293915,CP_MP-20-0015012,?,?,2.0,3.4,1.97,6.69,Low,2.0
5,CP_MP-20-0015012,1.0,0.0,0.9272797107696532,0.0727202668786048,CP_MP-20-0015012,?,?,2.0,3.4,1.97,6.69,Low,2.0
6,CP_MP-19-0004525,1.0,1.0,0.0241975598037242,0.975802481174469,CP_MP-19-0004525,?,?,2.0,41.8,2.12,88.61,Low,1.0
6,CP_MP-19-0004525,1.0,1.0,0.0234231352806091,0.9765768647193908,CP_MP-19-0004525,?,?,2.0,41.8,2.12,88.61,Low,1.0
6,CP_MP-19-0004525,1.0,1.0,0.0224655754864215,0.9775344133377076,CP_MP-19-0004525,?,?,2.0,41.8,2.12,88.61,Low,1.0
6,CP_MP-19-0004525,1.0,1.0,0.0207101963460445,0.9792897701263428,CP_MP-19-0004525,?,?,2.0,41.8,2.12,88.61,Low,1.0
6,CP_MP-19-0004525,1.0,1.0,0.0177623517811298,0.9822376370429992,CP_MP-19-0004525,?,?,2.0,41.8,2.12,88.61,Low,1.0
6,CP_MP-19-0004525,1.0,1.0,0.0266661792993545,0.973333775997162,CP_MP-19-0004525,?,?,2.0,41.8,2.12,88.61,Low,1.0
6,CP_MP-19-0004525,1.0,1.0,0.0395766012370586,0.9604234099388124,CP_MP-19-0004525,?,?,2.0,41.8,2.12,88.61,Low,1.0
6,CP_MP-19-0004525,1.0,1.0,0.0526024587452411,0.9473974704742432,CP_MP-19-0004525,?,?,2.0,41.8,2.12,88.61,Low,1.0
6,CP_MP-19-0004525,1.0,1.0,0.0644764304161071,0.9355235695838928,CP_MP-19-0004525,?,?,2.0,41.8,2.12,88.61,Low,1.0
6,CP_MP-19-0004525,1.0,1.0,0.0544922091066837,0.945507824420929,CP_MP-19-0004525,?,?,2.0,41.8,2.12,88.61,Low,1.0
7,CP_MP-20-0008560,1.0,1.0,0.2607290744781494,0.7392709255218506,CP_MP-20-0008560,Mixed ,11,2.0,47,3.6,169.2,High,3.0
7,CP_MP-20-0008560,1.0,1.0,0.1901701837778091,0.809829831123352,CP_MP-20-0008560,Mixed ,11,2.0,47,3.6,169.2,High,3.0
7,CP_MP-20-0008560,1.0,1.0,0.1185791119933128,0.881420910358429,CP_MP-20-0008560,Mixed ,11,2.0,47,3.6,169.2,High,3.0
7,CP_MP-20-0008560,1.0,1.0,0.4164403676986694,0.5835596323013306,CP_MP-20-0008560,Mixed ,11,2.0,47,3.6,169.2,High,3.0
7,CP_MP-20-0008560,1.0,1.0,0.1221400424838066,0.8778600096702576,CP_MP-20-0008560,Mixed ,11,2.0,47,3.6,169.2,High,3.0
7,CP_MP-20-0008560,1.0,1.0,0.180508479475975,0.8194915652275085,CP_MP-20-0008560,Mixed ,11,2.0,47,3.6,169.2,High,3.0
7,CP_MP-20-0008560,1.0,1.0,0.3636094033718109,0.6363905668258667,CP_MP-20-0008560,Mixed ,11,2.0,47,3.6,169.2,High,3.0
7,CP_MP-20-0008560,1.0,1.0,0.221516877412796,0.7784831523895264,CP_MP-20-0008560,Mixed ,11,2.0,47,3.6,169.2,High,3.0
7,CP_MP-20-0008560,1.0,1.0,0.1556948125362396,0.8443052172660828,CP_MP-20-0008560,Mixed ,11,2.0,47,3.6,169.2,High,3.0
7,CP_MP-20-0008560,1.0,1.0,0.437213122844696,0.5627869367599487,CP_MP-20-0008560,Mixed ,11,2.0,47,3.6,169.2,High,3.0
8,CP_MP-21-0000305,1.0,1.0,0.3685921728610992,0.6314078569412231,CP_MP-21-0000305,?,?,2.0,12,2.67,32.04,High,3.0
8,CP_MP-21-0000305,1.0,1.0,0.3132084012031555,0.6867915391921997,CP_MP-21-0000305,?,?,2.0,12,2.67,32.04,High,3.0
8,CP_MP-21-0000305,1.0,1.0,0.3519423604011535,0.6480575799942017,CP_MP-21-0000305,?,?,2.0,12,2.67,32.04,High,3.0
8,CP_MP-21-0000305,1.0,0.0,0.7582095861434937,0.2417904585599899,CP_MP-21-0000305,?,?,2.0,12,2.67,32.04,High,3.0
8,CP_MP-21-0000305,1.0,1.0,0.2640384435653686,0.7359616160392761,CP_MP-21-0000305,?,?,2.0,12,2.67,32.04,High,3.0
8,CP_MP-21-0000305,1.0,1.0,0.3834862112998962,0.6165137887001038,CP_MP-21-0000305,?,?,2.0,12,2.67,32.04,High,3.0
8,CP_MP-21-0000305,1.0,0.0,0.7387641072273254,0.2612358927726745,CP_MP-21-0000305,?,?,2.0,12,2.67,32.04,High,3.0
8,CP_MP-21-0000305,1.0,0.0,0.5566880106925964,0.4433119893074035,CP_MP-21-0000305,?,?,2.0,12,2.67,32.04,High,3.0
8,CP_MP-21-0000305,1.0,1.0,0.1238467395305633,0.8761532306671143,CP_MP-21-0000305,?,?,2.0,12,2.67,32.04,High,3.0
8,CP_MP-21-0000305,1.0,0.0,0.7519355416297913,0.2480644285678863,CP_MP-21-0000305,?,?,2.0,12,2.67,32.04,High,3.0
9,CP_MP-18-0012961,1.0,0.0,0.5505914688110352,0.4494085609912872,CP_MP-18-0012961,?,,2,13,1.4,18.2,High,2.0
9,CP_MP-18-0012961,1.0,1.0,0.4388692378997803,0.561130702495575,CP_MP-18-0012961,?,,2,13,1.4,18.2,High,2.0
9,CP_MP-18-0012961,1.0,1.0,0.4204914271831512,0.5795086026191711,CP_MP-18-0012961,?,,2,13,1.4,18.2,High,2.0
9,CP_MP-18-0012961,1.0,1.0,0.2346908748149871,0.7653090953826904,CP_MP-18-0012961,?,,2,13,1.4,18.2,High,2.0
9,CP_MP-18-0012961,1.0,0.0,0.5541996955871582,0.4458002746105194,CP_MP-18-0012961,?,,2,13,1.4,18.2,High,2.0
9,CP_MP-18-0012961,1.0,0.0,0.8036960363388062,0.1963039189577102,CP_MP-18-0012961,?,,2,13,1.4,18.2,High,2.0
9,CP_MP-18-0012961,1.0,0.0,0.7124560475349426,0.287543922662735,CP_MP-18-0012961,?,,2,13,1.4,18.2,High,2.0
9,CP_MP-18-0012961,1.0,0.0,0.5430155396461487,0.4569844603538513,CP_MP-18-0012961,?,,2,13,1.4,18.2,High,2.0
9,CP_MP-18-0012961,1.0,1.0,0.2870911657810211,0.7129088640213013,CP_MP-18-0012961,?,,2,13,1.4,18.2,High,2.0
9,CP_MP-18-0012961,1.0,0.0,0.7640762329101562,0.2359237968921661,CP_MP-18-0012961,?,,2,13,1.4,18.2,High,2.0
10,CP_MP-21-0000146,1.0,1.0,0.0136718740686774,0.9863280653953552,CP_MP-21-0000146,?,?,2.0,8.2,2.37,19.43,Low,2.0
10,CP_MP-21-0000146,1.0,1.0,0.1823493689298629,0.8176506161689758,CP_MP-21-0000146,?,?,2.0,8.2,2.37,19.43,Low,2.0
10,CP_MP-21-0000146,1.0,1.0,0.2226656377315521,0.7773343324661255,CP_MP-21-0000146,?,?,2.0,8.2,2.37,19.43,Low,2.0
10,CP_MP-21-0000146,1.0,1.0,0.1034189239144325,0.8965810537338257,CP_MP-21-0000146,?,?,2.0,8.2,2.37,19.43,Low,2.0
10,CP_MP-21-0000146,1.0,1.0,0.1333563923835754,0.8666436672210693,CP_MP-21-0000146,?,?,2.0,8.2,2.37,19.43,Low,2.0
10,CP_MP-21-0000146,1.0,1.0,0.1610881984233856,0.8389118313789368,CP_MP-21-0000146,?,?,2.0,8.2,2.37,19.43,Low,2.0
10,CP_MP-21-0000146,1.0,1.0,0.4280071854591369,0.5719927549362183,CP_MP-21-0000146,?,?,2.0,8.2,2.37,19.43,Low,2.0
10,CP_MP-21-0000146,1.0,1.0,0.4974502921104431,0.5025497078895569,CP_MP-21-0000146,?,?,2.0,8.2,2.37,19.43,Low,2.0
10,CP_MP-21-0000146,1.0,1.0,0.263067364692688,0.736932635307312,CP_MP-21-0000146,?,?,2.0,8.2,2.37,19.43,Low,2.0
10,CP_MP-21-0000146,1.0,1.0,0.2867916822433471,0.7132083177566528,CP_MP-21-0000146,?,?,2.0,8.2,2.37,19.43,Low,2.0
11,CP_MP-19-0004982,1.0,1.0,0.3209361135959625,0.6790639162063599,CP_MP-19-0004982,?,11,2.0,29,2.6,75.4,High,2.0
11,CP_MP-19-0004982,1.0,0.0,0.5240420699119568,0.4759579002857208,CP_MP-19-0004982,?,11,2.0,29,2.6,75.4,High,2.0
11,CP_MP-19-0004982,1.0,1.0,0.3396697640419006,0.6603302359580994,CP_MP-19-0004982,?,11,2.0,29,2.6,75.4,High,2.0
11,CP_MP-19-0004982,1.0,0.0,0.6204821467399597,0.379517912864685,CP_MP-19-0004982,?,11,2.0,29,2.6,75.4,High,2.0
11,CP_MP-19-0004982,1.0,1.0,0.3366371095180511,0.6633628606796265,CP_MP-19-0004982,?,11,2.0,29,2.6,75.4,High,2.0
11,CP_MP-19-0004982,1.0,0.0,0.5292230248451233,0.4707769751548767,CP_MP-19-0004982,?,11,2.0,29,2.6,75.4,High,2.0
11,CP_MP-19-0004982,1.0,0.0,0.572930097579956,0.4270698428153991,CP_MP-19-0004982,?,11,2.0,29,2.6,75.4,High,2.0
11,CP_MP-19-0004982,1.0,1.0,0.4508720338344574,0.549127995967865,CP_MP-19-0004982,?,11,2.0,29,2.6,75.4,High,2.0
11,CP_MP-19-0004982,1.0,1.0,0.3967544138431549,0.6032456159591675,CP_MP-19-0004982,?,11,2.0,29,2.6,75.4,High,2.0
11,CP_MP-19-0004982,1.0,0.0,0.6410036087036133,0.3589964210987091,CP_MP-19-0004982,?,11,2.0,29,2.6,75.4,High,2.0
12,CP_MP-19-0013630,1.0,1.0,0.1121974065899849,0.8878026008605957,CP_MP-19-0013630,?,?,2.0,9,1.8,16.2,Low,2.0
12,CP_MP-19-0013630,1.0,1.0,0.1779735386371612,0.8220264315605164,CP_MP-19-0013630,?,?,2.0,9,1.8,16.2,Low,2.0
12,CP_MP-19-0013630,1.0,1.0,0.16070456802845,0.8392954468727112,CP_MP-19-0013630,?,?,2.0,9,1.8,16.2,Low,2.0
12,CP_MP-19-0013630,1.0,1.0,0.180901750922203,0.8190982341766357,CP_MP-19-0013630,?,?,2.0,9,1.8,16.2,Low,2.0
12,CP_MP-19-0013630,1.0,1.0,0.1166343316435813,0.8833656311035156,CP_MP-19-0013630,?,?,2.0,9,1.8,16.2,Low,2.0
12,CP_MP-19-0013630,1.0,1.0,0.2106559872627258,0.7893440127372742,CP_MP-19-0013630,?,?,2.0,9,1.8,16.2,Low,2.0
12,CP_MP-19-0013630,1.0,1.0,0.2676722705364227,0.7323277592658997,CP_MP-19-0013630,?,?,2.0,9,1.8,16.2,Low,2.0
12,CP_MP-19-0013630,1.0,1.0,0.3173153698444366,0.682684600353241,CP_MP-19-0013630,?,?,2.0,9,1.8,16.2,Low,2.0
12,CP_MP-19-0013630,1.0,1.0,0.2479511499404907,0.7520488500595093,CP_MP-19-0013630,?,?,2.0,9,1.8,16.2,Low,2.0
12,CP_MP-19-0013630,1.0,1.0,0.3963043093681335,0.6036956906318665,CP_MP-19-0013630,?,?,2.0,9,1.8,16.2,Low,2.0
13,CP_MP-21-0011216,1.0,1.0,0.022305903956294,0.9776941537857056,CP_MP-21-0011216,Mixed ,,2,47,1.9,89.3,High,2.0
13,CP_MP-21-0011216,1.0,1.0,0.0872743874788284,0.912725567817688,CP_MP-21-0011216,Mixed ,,2,47,1.9,89.3,High,2.0
13,CP_MP-21-0011216,1.0,1.0,0.0949275195598602,0.9050724506378174,CP_MP-21-0011216,Mixed ,,2,47,1.9,89.3,High,2.0
13,CP_MP-21-0011216,1.0,1.0,0.1640031337738037,0.8359968662261963,CP_MP-21-0011216,Mixed ,,2,47,1.9,89.3,High,2.0
13,CP_MP-21-0011216,1.0,1.0,0.0423362366855144,0.9576637744903564,CP_MP-21-0011216,Mixed ,,2,47,1.9,89.3,High,2.0
13,CP_MP-21-0011216,1.0,1.0,0.0472023040056228,0.9527976512908936,CP_MP-21-0011216,Mixed ,,2,47,1.9,89.3,High,2.0
13,CP_MP-21-0011216,1.0,1.0,0.1701247692108154,0.8298752307891846,CP_MP-21-0011216,Mixed ,,2,47,1.9,89.3,High,2.0
13,CP_MP-21-0011216,1.0,1.0,0.2548634707927704,0.745136559009552,CP_MP-21-0011216,Mixed ,,2,47,1.9,89.3,High,2.0
13,CP_MP-21-0011216,1.0,1.0,0.1925702095031738,0.8074297904968262,CP_MP-21-0011216,Mixed ,,2,47,1.9,89.3,High,2.0
13,CP_MP-21-0011216,1.0,1.0,0.2047304660081863,0.7952695488929749,CP_MP-21-0011216,Mixed ,,2,47,1.9,89.3,High,2.0
14,CP_MP-21-0000969,1.0,1.0,0.0461864843964576,0.9538135528564452,CP_MP-21-0000969,Labrador,?,2.0,34,3,100.5,High,3.0
14,CP_MP-21-0000969,1.0,1.0,0.0386771224439144,0.9613228440284728,CP_MP-21-0000969,Labrador,?,2.0,34,3,100.5,High,3.0
14,CP_MP-21-0000969,1.0,1.0,0.0620716623961925,0.9379283785820008,CP_MP-21-0000969,Labrador,?,2.0,34,3,100.5,High,3.0
14,CP_MP-21-0000969,1.0,1.0,0.1253800988197326,0.8746199011802673,CP_MP-21-0000969,Labrador,?,2.0,34,3,100.5,High,3.0
14,CP_MP-21-0000969,1.0,1.0,0.0410111807286739,0.9589888453483582,CP_MP-21-0000969,Labrador,?,2.0,34,3,100.5,High,3.0
14,CP_MP-21-0000969,1.0,1.0,0.0713624730706214,0.9286375045776368,CP_MP-21-0000969,Labrador,?,2.0,34,3,100.5,High,3.0
14,CP_MP-21-0000969,1.0,1.0,0.1361755430698394,0.8638244867324829,CP_MP-21-0000969,Labrador,?,2.0,34,3,100.5,High,3.0
14,CP_MP-21-0000969,1.0,1.0,0.1556089520454406,0.8443910479545593,CP_MP-21-0000969,Labrador,?,2.0,34,3,100.5,High,3.0
14,CP_MP-21-0000969,1.0,1.0,0.1088555976748466,0.8911443948745728,CP_MP-21-0000969,Labrador,?,2.0,34,3,100.5,High,3.0
14,CP_MP-21-0000969,1.0,1.0,0.2087427675724029,0.7912572622299194,CP_MP-21-0000969,Labrador,?,2.0,34,3,100.5,High,3.0
16,CP_MP-19-0004782,1.0,1.0,0.0443788841366767,0.955621063709259,CP_MP-19-0004782,Golden Retriver,5,2.0,15.6,1.9,29.64,Low,2.0
16,CP_MP-19-0004782,1.0,1.0,0.105148084461689,0.8948518633842468,CP_MP-19-0004782,Golden Retriver,5,2.0,15.6,1.9,29.64,Low,2.0
16,CP_MP-19-0004782,1.0,1.0,0.1311868131160736,0.8688132166862488,CP_MP-19-0004782,Golden Retriver,5,2.0,15.6,1.9,29.64,Low,2.0
16,CP_MP-19-0004782,1.0,1.0,0.0962361842393875,0.9037637710571288,CP_MP-19-0004782,Golden Retriver,5,2.0,15.6,1.9,29.64,Low,2.0
16,CP_MP-19-0004782,1.0,1.0,0.0921474397182464,0.907852590084076,CP_MP-19-0004782,Golden Retriver,5,2.0,15.6,1.9,29.64,Low,2.0
16,CP_MP-19-0004782,1.0,1.0,0.0803986340761184,0.919601321220398,CP_MP-19-0004782,Golden Retriver,5,2.0,15.6,1.9,29.64,Low,2.0
16,CP_MP-19-0004782,1.0,1.0,0.2523745894432068,0.7476254105567932,CP_MP-19-0004782,Golden Retriver,5,2.0,15.6,1.9,29.64,Low,2.0
16,CP_MP-19-0004782,1.0,1.0,0.286550909280777,0.7134491205215454,CP_MP-19-0004782,Golden Retriver,5,2.0,15.6,1.9,29.64,Low,2.0
16,CP_MP-19-0004782,1.0,1.0,0.1742159128189087,0.8257840871810913,CP_MP-19-0004782,Golden Retriver,5,2.0,15.6,1.9,29.64,Low,2.0
16,CP_MP-19-0004782,1.0,1.0,0.313585489988327,0.6864145398139954,CP_MP-19-0004782,Golden Retriver,5,2.0,15.6,1.9,29.64,Low,2.0
17,CP_MP-19-0004621,1.0,1.0,0.3598285317420959,0.6401714086532593,CP_MP-19-0004621,?,?,1.0,28.2,2.12,59.78,Low,2.0
17,CP_MP-19-0004621,1.0,1.0,0.2903611660003662,0.7096388339996338,CP_MP-19-0004621,?,?,1.0,28.2,2.12,59.78,Low,2.0
17,CP_MP-19-0004621,1.0,1.0,0.1735369265079498,0.8264630436897278,CP_MP-19-0004621,?,?,1.0,28.2,2.12,59.78,Low,2.0
17,CP_MP-19-0004621,1.0,0.0,0.5422388315200806,0.4577612280845642,CP_MP-19-0004621,?,?,1.0,28.2,2.12,59.78,Low,2.0
17,CP_MP-19-0004621,1.0,1.0,0.454786866903305,0.5452131628990173,CP_MP-19-0004621,?,?,1.0,28.2,2.12,59.78,Low,2.0
17,CP_MP-19-0004621,1.0,0.0,0.562749981880188,0.4372500479221344,CP_MP-19-0004621,?,?,1.0,28.2,2.12,59.78,Low,2.0
17,CP_MP-19-0004621,1.0,0.0,0.5958351492881775,0.4041648209095001,CP_MP-19-0004621,?,?,1.0,28.2,2.12,59.78,Low,2.0
17,CP_MP-19-0004621,1.0,1.0,0.3176902830600738,0.6823096871376038,CP_MP-19-0004621,?,?,1.0,28.2,2.12,59.78,Low,2.0
17,CP_MP-19-0004621,1.0,1.0,0.1790852546691894,0.8209148049354553,CP_MP-19-0004621,?,?,1.0,28.2,2.12,59.78,Low,2.0
17,CP_MP-19-0004621,1.0,0.0,0.633614182472229,0.3663858473300934,CP_MP-19-0004621,?,?,1.0,28.2,2.12,59.78,Low,2.0
18,CP_MP-21-0005446,1.0,1.0,0.0574040114879608,0.9425960183143616,CP_MP-21-0005446,Great Dane,7,2.0,18,2.36,42.6,High,3.0
18,CP_MP-21-0005446,1.0,1.0,0.228814348578453,0.7711856365203857,CP_MP-21-0005446,Great Dane,7,2.0,18,2.36,42.6,High,3.0
18,CP_MP-21-0005446,1.0,1.0,0.293405145406723,0.7065948843955994,CP_MP-21-0005446,Great Dane,7,2.0,18,2.36,42.6,High,3.0
18,CP_MP-21-0005446,1.0,1.0,0.3049135208129883,0.6950864791870117,CP_MP-21-0005446,Great Dane,7,2.0,18,2.36,42.6,High,3.0
18,CP_MP-21-0005446,1.0,1.0,0.1309680938720703,0.8690319657325745,CP_MP-21-0005446,Great Dane,7,2.0,18,2.36,42.6,High,3.0
18,CP_MP-21-0005446,1.0,1.0,0.1734389215707779,0.8265610933303833,CP_MP-21-0005446,Great Dane,7,2.0,18,2.36,42.6,High,3.0
18,CP_MP-21-0005446,1.0,1.0,0.3673492670059204,0.6326507329940796,CP_MP-21-0005446,Great Dane,7,2.0,18,2.36,42.6,High,3.0
18,CP_MP-21-0005446,1.0,1.0,0.3668697476387024,0.6331302523612976,CP_MP-21-0005446,Great Dane,7,2.0,18,2.36,42.6,High,3.0
18,CP_MP-21-0005446,1.0,1.0,0.2881201207637787,0.7118799090385437,CP_MP-21-0005446,Great Dane,7,2.0,18,2.36,42.6,High,3.0
18,CP_MP-21-0005446,1.0,1.0,0.3471913337707519,0.652808666229248,CP_MP-21-0005446,Great Dane,7,2.0,18,2.36,42.6,High,3.0
20,CP_MP-21-0004823,1.0,1.0,0.1513755619525909,0.8486244082450867,CP_MP-21-0004823,?,9,2.0,9.2,1.53,14.12,High,2.0
20,CP_MP-21-0004823,1.0,1.0,0.2135183960199356,0.7864816188812256,CP_MP-21-0004823,?,9,2.0,9.2,1.53,14.12,High,2.0
20,CP_MP-21-0004823,1.0,1.0,0.1695617139339447,0.8304382562637329,CP_MP-21-0004823,?,9,2.0,9.2,1.53,14.12,High,2.0
20,CP_MP-21-0004823,1.0,1.0,0.3709098696708679,0.6290900707244873,CP_MP-21-0004823,?,9,2.0,9.2,1.53,14.12,High,2.0
20,CP_MP-21-0004823,1.0,1.0,0.183258518576622,0.8167414665222168,CP_MP-21-0004823,?,9,2.0,9.2,1.53,14.12,High,2.0
20,CP_MP-21-0004823,1.0,0.0,0.5118263363838196,0.4881737232208252,CP_MP-21-0004823,?,9,2.0,9.2,1.53,14.12,High,2.0
20,CP_MP-21-0004823,1.0,1.0,0.3489151298999786,0.6510848999023438,CP_MP-21-0004823,?,9,2.0,9.2,1.53,14.12,High,2.0
20,CP_MP-21-0004823,1.0,1.0,0.3505051732063293,0.6494948863983154,CP_MP-21-0004823,?,9,2.0,9.2,1.53,14.12,High,2.0
20,CP_MP-21-0004823,1.0,1.0,0.2317205667495727,0.7682794332504272,CP_MP-21-0004823,?,9,2.0,9.2,1.53,14.12,High,2.0
20,CP_MP-21-0004823,1.0,1.0,0.3798969388008117,0.6201030611991882,CP_MP-21-0004823,?,9,2.0,9.2,1.53,14.12,High,2.0
21,CP_MP-18-0015783,1.0,0.0,0.7180868983268738,0.2819131016731262,CP_MP-18-0015783,Shih Tzu,,2,8,2.0,16.0,High,2.0
21,CP_MP-18-0015783,1.0,0.0,0.910494327545166,0.0895057320594787,CP_MP-18-0015783,Shih Tzu,,2,8,2.0,16.0,High,2.0
21,CP_MP-18-0015783,1.0,0.0,0.7933505773544312,0.2066494673490524,CP_MP-18-0015783,Shih Tzu,,2,8,2.0,16.0,High,2.0
21,CP_MP-18-0015783,1.0,0.0,0.91086345911026,0.0891365930438041,CP_MP-18-0015783,Shih Tzu,,2,8,2.0,16.0,High,2.0
21,CP_MP-18-0015783,1.0,0.0,0.8296183347702026,0.1703816503286361,CP_MP-18-0015783,Shih Tzu,,2,8,2.0,16.0,High,2.0
21,CP_MP-18-0015783,1.0,0.0,0.9787322282791138,0.0212678182870149,CP_MP-18-0015783,Shih Tzu,,2,8,2.0,16.0,High,2.0
21,CP_MP-18-0015783,1.0,0.0,0.9917978048324584,0.0082022156566381,CP_MP-18-0015783,Shih Tzu,,2,8,2.0,16.0,High,2.0
21,CP_MP-18-0015783,1.0,0.0,0.660499095916748,0.3395009338855743,CP_MP-18-0015783,Shih Tzu,,2,8,2.0,16.0,High,2.0
21,CP_MP-18-0015783,1.0,1.0,0.3672415912151336,0.6327584385871887,CP_MP-18-0015783,Shih Tzu,,2,8,2.0,16.0,High,2.0
21,CP_MP-18-0015783,1.0,0.0,0.9252303242683412,0.0747697204351425,CP_MP-18-0015783,Shih Tzu,,2,8,2.0,16.0,High,2.0
23,CP_MP-21-0002336_L2,0.0,0.0,0.999126136302948,0.0008738188189454,CP_MP-21-0002336,American Pit Bull,5,2.0,5,1.4,7,Low,2
23,CP_MP-21-0002336_L2,0.0,0.0,0.9987832903862,0.0012167100794613,CP_MP-21-0002336,American Pit Bull,5,2.0,5,1.4,7,Low,2
23,CP_MP-21-0002336_L2,0.0,0.0,0.9971019625663756,0.0028979599010199,CP_MP-21-0002336,American Pit Bull,5,2.0,5,1.4,7,Low,2
23,CP_MP-21-0002336_L2,0.0,0.0,0.9998668432235718,0.0001331301318714,CP_MP-21-0002336,American Pit Bull,5,2.0,5,1.4,7,Low,2
23,CP_MP-21-0002336_L2,0.0,0.0,0.9986464381217957,0.0013535453472286,CP_MP-21-0002336,American Pit Bull,5,2.0,5,1.4,7,Low,2
23,CP_MP-21-0002336_L2,0.0,0.0,0.9994708895683287,0.0005291629349812,CP_MP-21-0002336,American Pit Bull,5,2.0,5,1.4,7,Low,2
23,CP_MP-21-0002336_L2,0.0,0.0,0.999450385570526,0.000549616466742,CP_MP-21-0002336,American Pit Bull,5,2.0,5,1.4,7,Low,2
23,CP_MP-21-0002336_L2,0.0,0.0,0.9738579392433168,0.0261419937014579,CP_MP-21-0002336,American Pit Bull,5,2.0,5,1.4,7,Low,2
23,CP_MP-21-0002336_L2,0.0,0.0,0.9457292556762696,0.0542707592248916,CP_MP-21-0002336,American Pit Bull,5,2.0,5,1.4,7,Low,2
23,CP_MP-21-0002336_L2,0.0,0.0,0.9996825456619264,0.0003174515732098,CP_MP-21-0002336,American Pit Bull,5,2.0,5,1.4,7,Low,2
24,CP_MP-17-0013531_L2,0.0,0.0,0.9721802473068236,0.0278197284787893,CP_MP-17-0013531,Mixed ,?,2.0,38,2.3,87.4,Low,2
24,CP_MP-17-0013531_L2,0.0,0.0,0.6800650954246521,0.3199348747730255,CP_MP-17-0013531,Mixed ,?,2.0,38,2.3,87.4,Low,2
24,CP_MP-17-0013531_L2,0.0,0.0,0.8921666741371155,0.1078332960605621,CP_MP-17-0013531,Mixed ,?,2.0,38,2.3,87.4,Low,2
24,CP_MP-17-0013531_L2,0.0,0.0,0.998304009437561,0.0016959945205599,CP_MP-17-0013531,Mixed ,?,2.0,38,2.3,87.4,Low,2
24,CP_MP-17-0013531_L2,0.0,0.0,0.7429962754249573,0.2570036649703979,CP_MP-17-0013531,Mixed ,?,2.0,38,2.3,87.4,Low,2
24,CP_MP-17-0013531_L2,0.0,0.0,0.8600651621818542,0.1399348229169845,CP_MP-17-0013531,Mixed ,?,2.0,38,2.3,87.4,Low,2
24,CP_MP-17-0013531_L2,0.0,0.0,0.9448277950286864,0.0551722384989261,CP_MP-17-0013531,Mixed ,?,2.0,38,2.3,87.4,Low,2
24,CP_MP-17-0013531_L2,0.0,0.0,0.862150251865387,0.1378497779369354,CP_MP-17-0013531,Mixed ,?,2.0,38,2.3,87.4,Low,2
24,CP_MP-17-0013531_L2,0.0,0.0,0.6682369112968445,0.3317630290985107,CP_MP-17-0013531,Mixed ,?,2.0,38,2.3,87.4,Low,2
24,CP_MP-17-0013531_L2,0.0,0.0,0.9447522163391112,0.0552477464079856,CP_MP-17-0013531,Mixed ,?,2.0,38,2.3,87.4,Low,2
25,CP_MP-21-0009128_L2,0.0,0.0,0.8534113764762878,0.1465886086225509,CP_MP-21-0009128,?,12,1.0,8.0,1.8,14.2,Low,2
25,CP_MP-21-0009128_L2,0.0,0.0,0.794946014881134,0.2050540000200271,CP_MP-21-0009128,?,12,1.0,8.0,1.8,14.2,Low,2
25,CP_MP-21-0009128_L2,0.0,0.0,0.8900589346885681,0.1099411025643348,CP_MP-21-0009128,?,12,1.0,8.0,1.8,14.2,Low,2
25,CP_MP-21-0009128_L2,0.0,0.0,0.8857340216636658,0.11426592618227,CP_MP-21-0009128,?,12,1.0,8.0,1.8,14.2,Low,2
25,CP_MP-21-0009128_L2,0.0,0.0,0.690807580947876,0.3091923594474792,CP_MP-21-0009128,?,12,1.0,8.0,1.8,14.2,Low,2
25,CP_MP-21-0009128_L2,0.0,0.0,0.7960428595542908,0.2039571702480316,CP_MP-21-0009128,?,12,1.0,8.0,1.8,14.2,Low,2
25,CP_MP-21-0009128_L2,0.0,0.0,0.81245356798172,0.1875464916229248,CP_MP-21-0009128,?,12,1.0,8.0,1.8,14.2,Low,2
25,CP_MP-21-0009128_L2,0.0,0.0,0.8192861676216125,0.1807138621807098,CP_MP-21-0009128,?,12,1.0,8.0,1.8,14.2,Low,2
25,CP_MP-21-0009128_L2,0.0,0.0,0.7323945164680481,0.2676054537296295,CP_MP-21-0009128,?,12,1.0,8.0,1.8,14.2,Low,2
25,CP_MP-21-0009128_L2,0.0,0.0,0.9406827688217164,0.059317197650671,CP_MP-21-0009128,?,12,1.0,8.0,1.8,14.2,Low,2
26,CP_MP-17-0003345_H3,0.0,0.0,0.6937081217765808,0.3062918782234192,CP_MP-17-0003345,Mixed ,4,2.0,66.0,2.7,178.2,High,3
26,CP_MP-17-0003345_H3,0.0,0.0,0.5948108434677124,0.4051891565322876,CP_MP-17-0003345,Mixed ,4,2.0,66.0,2.7,178.2,High,3
26,CP_MP-17-0003345_H3,0.0,1.0,0.3780080676078796,0.6219919323921204,CP_MP-17-0003345,Mixed ,4,2.0,66.0,2.7,178.2,High,3
26,CP_MP-17-0003345_H3,0.0,0.0,0.8565712571144104,0.1434287428855896,CP_MP-17-0003345,Mixed ,4,2.0,66.0,2.7,178.2,High,3
26,CP_MP-17-0003345_H3,0.0,0.0,0.5049813389778137,0.4950186312198639,CP_MP-17-0003345,Mixed ,4,2.0,66.0,2.7,178.2,High,3
26,CP_MP-17-0003345_H3,0.0,0.0,0.6740738749504089,0.3259261548519134,CP_MP-17-0003345,Mixed ,4,2.0,66.0,2.7,178.2,High,3
26,CP_MP-17-0003345_H3,0.0,0.0,0.7834793329238892,0.216520681977272,CP_MP-17-0003345,Mixed ,4,2.0,66.0,2.7,178.2,High,3
26,CP_MP-17-0003345_H3,0.0,1.0,0.4611296951770782,0.5388702750205994,CP_MP-17-0003345,Mixed ,4,2.0,66.0,2.7,178.2,High,3
26,CP_MP-17-0003345_H3,0.0,1.0,0.3752603828907013,0.6247396469116211,CP_MP-17-0003345,Mixed ,4,2.0,66.0,2.7,178.2,High,3
26,CP_MP-17-0003345_H3,0.0,0.0,0.7344496846199036,0.265550285577774,CP_MP-17-0003345,Mixed ,4,2.0,66.0,2.7,178.2,High,3
27,CP_MP-21-0006327_H2,0.0,0.0,0.920097827911377,0.0799022391438484,CP_MP-21-0006327,?,?,2.0,40.0,3,121.7,.,.
27,CP_MP-21-0006327_H2,0.0,0.0,0.7374705672264099,0.2625294625759125,CP_MP-21-0006327,?,?,2.0,40.0,3,121.7,.,.
27,CP_MP-21-0006327_H2,0.0,0.0,0.6122062802314758,0.3877937793731689,CP_MP-21-0006327,?,?,2.0,40.0,3,121.7,.,.
27,CP_MP-21-0006327_H2,0.0,0.0,0.9440281987190248,0.0559718646109104,CP_MP-21-0006327,?,?,2.0,40.0,3,121.7,.,.
27,CP_MP-21-0006327_H2,0.0,0.0,0.6898164749145508,0.3101834952831268,CP_MP-21-0006327,?,?,2.0,40.0,3,121.7,.,.
27,CP_MP-21-0006327_H2,0.0,0.0,0.7690950632095337,0.2309049665927887,CP_MP-21-0006327,?,?,2.0,40.0,3,121.7,.,.
27,CP_MP-21-0006327_H2,0.0,0.0,0.8825391530990601,0.1174608245491981,CP_MP-21-0006327,?,?,2.0,40.0,3,121.7,.,.
27,CP_MP-21-0006327_H2,0.0,0.0,0.5820304751396179,0.4179695248603821,CP_MP-21-0006327,?,?,2.0,40.0,3,121.7,.,.
27,CP_MP-21-0006327_H2,0.0,1.0,0.3415412902832031,0.6584586501121521,CP_MP-21-0006327,?,?,2.0,40.0,3,121.7,.,.
27,CP_MP-21-0006327_H2,0.0,0.0,0.8536510467529297,0.1463489085435867,CP_MP-21-0006327,?,?,2.0,40.0,3,121.7,.,.
30,CP_MP-19-0008391_L2,0.0,0.0,0.9988911747932434,0.0011089044855907,CP_MP-19-0008391,Mixed ,?,1.0,60,2.6,156,Low,2
30,CP_MP-19-0008391_L2,0.0,0.0,0.9926888346672058,0.007311197463423,CP_MP-19-0008391,Mixed ,?,1.0,60,2.6,156,Low,2
30,CP_MP-19-0008391_L2,0.0,0.0,0.990354299545288,0.0096456883475184,CP_MP-19-0008391,Mixed ,?,1.0,60,2.6,156,Low,2
30,CP_MP-19-0008391_L2,0.0,0.0,0.9996519088745116,0.0003481157473288,CP_MP-19-0008391,Mixed ,?,1.0,60,2.6,156,Low,2
30,CP_MP-19-0008391_L2,0.0,0.0,0.9961102604866028,0.003889718092978,CP_MP-19-0008391,Mixed ,?,1.0,60,2.6,156,Low,2
30,CP_MP-19-0008391_L2,0.0,0.0,0.998077392578125,0.0019225411815568,CP_MP-19-0008391,Mixed ,?,1.0,60,2.6,156,Low,2
30,CP_MP-19-0008391_L2,0.0,0.0,0.995886504650116,0.0041134497150778,CP_MP-19-0008391,Mixed ,?,1.0,60,2.6,156,Low,2
30,CP_MP-19-0008391_L2,0.0,0.0,0.966105818748474,0.0338942073285579,CP_MP-19-0008391,Mixed ,?,1.0,60,2.6,156,Low,2
30,CP_MP-19-0008391_L2,0.0,0.0,0.8989742994308472,0.1010257005691528,CP_MP-19-0008391,Mixed ,?,1.0,60,2.6,156,Low,2
30,CP_MP-19-0008391_L2,0.0,0.0,0.9983713030815125,0.00162875209935,CP_MP-19-0008391,Mixed ,?,1.0,60,2.6,156,Low,2
31,CP_MP-21-0009819_H2,0.0,1.0,0.0133377555757761,0.986662209033966,CP_MP-21-0009819,Labrador,5,2.0,28.2,3.23,91.18,High,.
31,CP_MP-21-0009819_H2,0.0,1.0,0.0325400345027446,0.9674599170684814,CP_MP-21-0009819,Labrador,5,2.0,28.2,3.23,91.18,High,.
31,CP_MP-21-0009819_H2,0.0,1.0,0.0285599306225776,0.9714400172233582,CP_MP-21-0009819,Labrador,5,2.0,28.2,3.23,91.18,High,.
31,CP_MP-21-0009819_H2,0.0,1.0,0.0351009406149387,0.9648991227149964,CP_MP-21-0009819,Labrador,5,2.0,28.2,3.23,91.18,High,.
31,CP_MP-21-0009819_H2,0.0,1.0,0.0317787416279315,0.9682212471961976,CP_MP-21-0009819,Labrador,5,2.0,28.2,3.23,91.18,High,.
31,CP_MP-21-0009819_H2,0.0,1.0,0.0115491645410656,0.9884508848190308,CP_MP-21-0009819,Labrador,5,2.0,28.2,3.23,91.18,High,.
31,CP_MP-21-0009819_H2,0.0,1.0,0.0566068328917026,0.9433931708335876,CP_MP-21-0009819,Labrador,5,2.0,28.2,3.23,91.18,High,.
31,CP_MP-21-0009819_H2,0.0,1.0,0.0600534304976463,0.9399465918540956,CP_MP-21-0009819,Labrador,5,2.0,28.2,3.23,91.18,High,.
31,CP_MP-21-0009819_H2,0.0,1.0,0.0391080826520919,0.9608919620513916,CP_MP-21-0009819,Labrador,5,2.0,28.2,3.23,91.18,High,.
31,CP_MP-21-0009819_H2,0.0,1.0,0.0698770731687545,0.930122971534729,CP_MP-21-0009819,Labrador,5,2.0,28.2,3.23,91.18,High,.
32,CP_MP-19-0006379_H3,0.0,1.0,0.1813869327306747,0.8186130523681641,CP_MP-19-0006379,?,7,2.0,30.0,2.5,75.0,High,3
32,CP_MP-19-0006379_H3,0.0,1.0,0.3315548300743103,0.6684451699256897,CP_MP-19-0006379,?,7,2.0,30.0,2.5,75.0,High,3
32,CP_MP-19-0006379_H3,0.0,1.0,0.2304708957672119,0.7695291638374329,CP_MP-19-0006379,?,7,2.0,30.0,2.5,75.0,High,3
32,CP_MP-19-0006379_H3,0.0,1.0,0.3113669455051422,0.6886330246925354,CP_MP-19-0006379,?,7,2.0,30.0,2.5,75.0,High,3
32,CP_MP-19-0006379_H3,0.0,1.0,0.1035010069608688,0.89649897813797,CP_MP-19-0006379,?,7,2.0,30.0,2.5,75.0,High,3
32,CP_MP-19-0006379_H3,0.0,1.0,0.2630777657032013,0.7369222044944763,CP_MP-19-0006379,?,7,2.0,30.0,2.5,75.0,High,3
32,CP_MP-19-0006379_H3,0.0,1.0,0.2559640407562256,0.7440359592437744,CP_MP-19-0006379,?,7,2.0,30.0,2.5,75.0,High,3
32,CP_MP-19-0006379_H3,0.0,1.0,0.419691652059555,0.5803083777427673,CP_MP-19-0006379,?,7,2.0,30.0,2.5,75.0,High,3
32,CP_MP-19-0006379_H3,0.0,1.0,0.2578730881214142,0.7421269416809082,CP_MP-19-0006379,?,7,2.0,30.0,2.5,75.0,High,3
32,CP_MP-19-0006379_H3,0.0,1.0,0.3432566821575165,0.6567433476448059,CP_MP-19-0006379,?,7,2.0,30.0,2.5,75.0,High,3
33,CP_MP-19-0004177_H2,0.0,0.0,0.8990210294723511,0.1009789928793907,CP_MP-19-0004177,Borzoi,7,2.0,66,2.3,151.8,High,2
33,CP_MP-19-0004177_H2,0.0,0.0,0.8191704750061035,0.1808295398950576,CP_MP-19-0004177,Borzoi,7,2.0,66,2.3,151.8,High,2
33,CP_MP-19-0004177_H2,0.0,0.0,0.8767805695533752,0.1232194006443023,CP_MP-19-0004177,Borzoi,7,2.0,66,2.3,151.8,High,2
33,CP_MP-19-0004177_H2,0.0,0.0,0.96015065908432,0.0398492626845836,CP_MP-19-0004177,Borzoi,7,2.0,66,2.3,151.8,High,2
33,CP_MP-19-0004177_H2,0.0,0.0,0.832264244556427,0.1677357107400894,CP_MP-19-0004177,Borzoi,7,2.0,66,2.3,151.8,High,2
33,CP_MP-19-0004177_H2,0.0,0.0,0.8474106788635254,0.1525893658399582,CP_MP-19-0004177,Borzoi,7,2.0,66,2.3,151.8,High,2
33,CP_MP-19-0004177_H2,0.0,0.0,0.9287992119789124,0.0712008327245712,CP_MP-19-0004177,Borzoi,7,2.0,66,2.3,151.8,High,2
33,CP_MP-19-0004177_H2,0.0,0.0,0.8672594428062439,0.1327404826879501,CP_MP-19-0004177,Borzoi,7,2.0,66,2.3,151.8,High,2
33,CP_MP-19-0004177_H2,0.0,0.0,0.7586523294448853,0.2413476258516311,CP_MP-19-0004177,Borzoi,7,2.0,66,2.3,151.8,High,2
33,CP_MP-19-0004177_H2,0.0,0.0,0.9412684440612792,0.0587315261363983,CP_MP-19-0004177,Borzoi,7,2.0,66,2.3,151.8,High,2
34,CP_MP-21-0000828_H2,0.0,0.0,0.6898422837257385,0.3101577162742615,CP_MP-21-0000828,?,9,2.0,54,2.6,140.4,High,2
34,CP_MP-21-0000828_H2,0.0,0.0,0.6402409076690674,0.3597590625286102,CP_MP-21-0000828,?,9,2.0,54,2.6,140.4,High,2
34,CP_MP-21-0000828_H2,0.0,0.0,0.739984393119812,0.260015606880188,CP_MP-21-0000828,?,9,2.0,54,2.6,140.4,High,2
34,CP_MP-21-0000828_H2,0.0,0.0,0.6505945920944214,0.3494054079055786,CP_MP-21-0000828,?,9,2.0,54,2.6,140.4,High,2
34,CP_MP-21-0000828_H2,0.0,1.0,0.4121361672878265,0.5878638625144958,CP_MP-21-0000828,?,9,2.0,54,2.6,140.4,High,2
34,CP_MP-21-0000828_H2,0.0,0.0,0.6508702039718628,0.3491298258304596,CP_MP-21-0000828,?,9,2.0,54,2.6,140.4,High,2
34,CP_MP-21-0000828_H2,0.0,0.0,0.6812800168991089,0.3187200129032135,CP_MP-21-0000828,?,9,2.0,54,2.6,140.4,High,2
34,CP_MP-21-0000828_H2,0.0,0.0,0.886968195438385,0.1130318343639373,CP_MP-21-0000828,?,9,2.0,54,2.6,140.4,High,2
34,CP_MP-21-0000828_H2,0.0,0.0,0.6856762170791626,0.3143237829208374,CP_MP-21-0000828,?,9,2.0,54,2.6,140.4,High,2
34,CP_MP-21-0000828_H2,0.0,0.0,0.9002437591552734,0.0997562408447265,CP_MP-21-0000828,?,9,2.0,54,2.6,140.4,High,2
35,CP_MP-21-0009224_H2,0.0,0.0,0.958385705947876,0.0416143164038658,CP_MP-21-0009224,Pug,9,2.0,27.0,3.4,91.3,High,2
35,CP_MP-21-0009224_H2,0.0,0.0,0.5545449256896973,0.4454550445079803,CP_MP-21-0009224,Pug,9,2.0,27.0,3.4,91.3,High,2
35,CP_MP-21-0009224_H2,0.0,0.0,0.6280100345611572,0.3719899356365204,CP_MP-21-0009224,Pug,9,2.0,27.0,3.4,91.3,High,2
35,CP_MP-21-0009224_H2,0.0,0.0,0.8014035820960999,0.1985964328050613,CP_MP-21-0009224,Pug,9,2.0,27.0,3.4,91.3,High,2
35,CP_MP-21-0009224_H2,0.0,0.0,0.5546644330024719,0.4453355669975281,CP_MP-21-0009224,Pug,9,2.0,27.0,3.4,91.3,High,2
35,CP_MP-21-0009224_H2,0.0,1.0,0.3517810106277466,0.6482189297676086,CP_MP-21-0009224,Pug,9,2.0,27.0,3.4,91.3,High,2
35,CP_MP-21-0009224_H2,0.0,0.0,0.8747735619544983,0.1252264082431793,CP_MP-21-0009224,Pug,9,2.0,27.0,3.4,91.3,High,2
35,CP_MP-21-0009224_H2,0.0,0.0,0.6107128858566284,0.3892870843410492,CP_MP-21-0009224,Pug,9,2.0,27.0,3.4,91.3,High,2
35,CP_MP-21-0009224_H2,0.0,1.0,0.3713866472244262,0.6286134123802185,CP_MP-21-0009224,Pug,9,2.0,27.0,3.4,91.3,High,2
35,CP_MP-21-0009224_H2,0.0,0.0,0.825311005115509,0.1746889948844909,CP_MP-21-0009224,Pug,9,2.0,27.0,3.4,91.3,High,2
36,CP_MP-21-0011955_H2,0.0,1.0,0.0342881977558136,0.965711772441864,CP_MP-21-0011955,Labrador ,11,3.0,60,2.7,162,High,2
36,CP_MP-21-0011955_H2,0.0,1.0,0.1250940710306167,0.8749059438705444,CP_MP-21-0011955,Labrador ,11,3.0,60,2.7,162,High,2
36,CP_MP-21-0011955_H2,0.0,1.0,0.1526725441217422,0.847327470779419,CP_MP-21-0011955,Labrador ,11,3.0,60,2.7,162,High,2
36,CP_MP-21-0011955_H2,0.0,1.0,0.1625643670558929,0.8374356627464294,CP_MP-21-0011955,Labrador ,11,3.0,60,2.7,162,High,2
36,CP_MP-21-0011955_H2,0.0,1.0,0.0467079244554042,0.9532920718193054,CP_MP-21-0011955,Labrador ,11,3.0,60,2.7,162,High,2
36,CP_MP-21-0011955_H2,0.0,1.0,0.0703569948673248,0.9296430349349976,CP_MP-21-0011955,Labrador ,11,3.0,60,2.7,162,High,2
36,CP_MP-21-0011955_H2,0.0,1.0,0.1674180775880813,0.8325819373130798,CP_MP-21-0011955,Labrador ,11,3.0,60,2.7,162,High,2
36,CP_MP-21-0011955_H2,0.0,1.0,0.3561373651027679,0.6438626050949097,CP_MP-21-0011955,Labrador ,11,3.0,60,2.7,162,High,2
36,CP_MP-21-0011955_H2,0.0,1.0,0.3298695981502533,0.6701304316520691,CP_MP-21-0011955,Labrador ,11,3.0,60,2.7,162,High,2
36,CP_MP-21-0011955_H2,0.0,1.0,0.1696536839008331,0.8303462862968445,CP_MP-21-0011955,Labrador ,11,3.0,60,2.7,162,High,2
37,CP_MP-21-0000522_L2,0.0,1.0,0.3868180513381958,0.6131818890571594,CP_MP-21-0000522,Cocker Spaniel,12,1.0,3,1.5,4.5,Low,2
37,CP_MP-21-0000522_L2,0.0,1.0,0.1954769194126129,0.8045231103897095,CP_MP-21-0000522,Cocker Spaniel,12,1.0,3,1.5,4.5,Low,2
37,CP_MP-21-0000522_L2,0.0,1.0,0.4897695183753967,0.510230541229248,CP_MP-21-0000522,Cocker Spaniel,12,1.0,3,1.5,4.5,Low,2
37,CP_MP-21-0000522_L2,0.0,0.0,0.7441571354866028,0.2558428645133972,CP_MP-21-0000522,Cocker Spaniel,12,1.0,3,1.5,4.5,Low,2
37,CP_MP-21-0000522_L2,0.0,1.0,0.1955116689205169,0.8044883012771606,CP_MP-21-0000522,Cocker Spaniel,12,1.0,3,1.5,4.5,Low,2
37,CP_MP-21-0000522_L2,0.0,1.0,0.2520086467266083,0.7479913830757141,CP_MP-21-0000522,Cocker Spaniel,12,1.0,3,1.5,4.5,Low,2
37,CP_MP-21-0000522_L2,0.0,1.0,0.4434661865234375,0.5565338134765625,CP_MP-21-0000522,Cocker Spaniel,12,1.0,3,1.5,4.5,Low,2
37,CP_MP-21-0000522_L2,0.0,0.0,0.5488138198852539,0.4511861503124237,CP_MP-21-0000522,Cocker Spaniel,12,1.0,3,1.5,4.5,Low,2
37,CP_MP-21-0000522_L2,0.0,1.0,0.4305936992168426,0.569406270980835,CP_MP-21-0000522,Cocker Spaniel,12,1.0,3,1.5,4.5,Low,2
37,CP_MP-21-0000522_L2,0.0,0.0,0.7108376622200012,0.2891623377799988,CP_MP-21-0000522,Cocker Spaniel,12,1.0,3,1.5,4.5,Low,2
