,slide_id,Y,Y_hat,p_0,p_1,MP ID,Breed,Age (years),KIT Pattern,Ki67,AgNOR,AgNOR x Ki67,Kiupel,Patnaik,misclassified,FP,FN
0,CP_MP-19-0004383,1.0,1.0,0.4570884108543396,0.5429116487503052,CP_MP-19-0004383,Labrador ,8.0,2.0,38.0,1.8,68.4,Low,1.0,False,False,False
1,CP_MP-21-0003988,1.0,0.0,0.648030161857605,0.351969838142395,CP_MP-21-0003988,Mixed,12.0,1.0,15.0,2.0,29.6,Low,2.0,True,False,True
2,CP_MP-19-0006084,1.0,1.0,0.2299463450908661,0.7700536847114563,CP_MP-19-0006084,Golden Retriever,6.0,1.0,10.0,2.1,21.0,Low,2.0,False,False,False
3,CP_MP-20-0008886,1.0,1.0,0.3165994584560394,0.683400571346283,CP_MP-20-0008886,Mixed ,6.0,2.0,40.0,3.0,120.0,High,2.0,False,False,False
4,CP_MP-18-0003823,1.0,1.0,0.2687445878982544,0.7312554121017456,CP_MP-18-0003823,Mixed ,4.0,2.0,56.0,4.0,224.0,High,2.0,False,False,False
5,CP_MP-20-0013951,1.0,1.0,0.0343946181237697,0.96560537815094,CP_MP-20-0013951,Dachshund,13.0,2.0,60.0,2.8,169.1,Low,2.0,False,False,False
6,CP_MP-21-0000659,1.0,1.0,0.0958996340632438,0.9041004180908204,CP_MP-21-0000659,Bichon Frise,3.0,2.0,19.0,2.6,49.4,Low,2.0,False,False,False
7,CP_MP-18-0007443,1.0,0.0,0.6861695647239685,0.3138304054737091,CP_MP-18-0007443,Poodle,6.0,2.0,17.0,1.9,32.3,High,3.0,True,False,True
8,CP_MP-19-0004473,1.0,1.0,0.1558925360441208,0.844107449054718,CP_MP-19-0004473,?,7.0,2.0,122.0,2.2,268.4,High,3.0,False,False,False
9,CP_MP-18-0013101,1.0,1.0,0.4175782799720764,0.5824217200279236,CP_MP-18-0013101,Labrador ,9.0,2.0,84.0,2.3,193.2,High,3.0,False,False,False
10,CP_MP-19-0008555,1.0,1.0,0.4536923170089721,0.5463076829910278,CP_MP-19-0008555,Boston Terrier,11.0,2.0,89.0,2.0,178.0,High,2.0,False,False,False
11,CP_MP-20-0002148,1.0,0.0,0.5881927013397217,0.4118072986602783,CP_MP-20-0002148,?,3.0,2.0,20.0,1.6,32.0,Low,2.0,True,False,True
12,CP_MP-21-0002671,1.0,1.0,0.4997143745422363,0.5002856254577637,CP_MP-21-0002671,Yorkshire Terrier,11.0,2.0,31.0,2.7,83.7,High,2.0,False,False,False
13,CP_MP-19-0008488,1.0,1.0,0.15865558385849,0.8413444757461548,CP_MP-19-0008488,Golden Retriever,12.0,2.0,28.0,2.0,56.0,High,2.0,False,False,False
14,CP_MP-21-0013158,1.0,1.0,0.3573025465011596,0.6426974534988403,CP_MP-21-0013158,?,8.0,2.0,38.0,2.0,76.0,High,2.0,False,False,False
15,CP_MP-21-0000585,1.0,1.0,0.1216717213392257,0.8783283233642578,CP_MP-21-0000585,Maltese Dog,4.0,2.0,10.0,1.6,16.0,Low,2.0,False,False,False
16,CP_MP-21-0007879_H2,0.0,0.0,0.798870325088501,0.2011296600103378,CP_MP-21-0007879,?,11.0,2.0,80.0,2.9,228.6,High,2.0,False,False,False
17,CP_MP-21-0002254_H2,0.0,0.0,0.8253925442695618,0.1746074557304382,CP_MP-21-0002254,?,11.0,2.0,85.0,3.5,297.5,High,2.0,False,False,False
18,CP_MP-20-0015656_H3,0.0,1.0,0.1401353776454925,0.8598646521568298,CP_MP-20-0015656,Beagle,11.0,2.0,12.8,3.43,43.95,High,3.0,True,True,False
19,CP_MP-21-0009231_H2,0.0,0.0,0.9385801553726196,0.061419803649187,CP_MP-21-0009231,Pug,9.0,2.0,60.0,3.4,202.1,High,2.0,False,False,False
20,CP_MP-21-0007959_L2,0.0,0.0,0.9819154739379884,0.0180845279246568,CP_MP-21-0007959,Boston Terrier,6.0,1.0,9.0,1.6,14.4,Low,2.0,False,False,False
21,CP_MP-18-0002447_L2,0.0,0.0,0.8090300559997559,0.1909699141979217,CP_MP-18-0002447,,,,,,,,,False,False,False
22,CP_MP-21-0006773_H3,0.0,1.0,0.3821298778057098,0.6178701519966125,CP_MP-21-0006773,Labrador,10.0,2.0,9.0,1.6,14.4,High,3.0,True,True,False
23,CP_MP-21-0004091_H2,0.0,0.0,0.519386887550354,0.4806131720542907,CP_MP-21-0004091,Mixed,10.0,2.0,35.0,3.0,106.1,High,2.0,False,False,False
24,CP_MP-21-0005647_H2,0.0,1.0,0.3406684994697571,0.6593315601348877,CP_MP-21-0005647,American Pit Bull ,5.0,2.0,16.8,1.67,28.0,High,2.0,True,True,False
25,CP_MP-20-0008547_H3,0.0,0.0,0.981949269771576,0.0180507507175207,CP_MP-20-0008547,Puf,10.0,2.0,38.0,4.2,159.6,High,3.0,False,False,False
26,CP_MP-20-0014623_H3,0.0,1.0,0.3726997971534729,0.6273002028465271,CP_MP-20-0014623,?,6.0,3.0,25.8,2.13,54.95,High,3.0,True,True,False
27,CP_MP-20-0011987_L2,0.0,0.0,0.8646564483642578,0.1353435665369033,CP_MP-20-0011987,,,,,,,,,False,False,False
28,CP_MP-19-0008069_H2,0.0,0.0,0.9214019179344176,0.0785980597138404,CP_MP-19-0008069,Golden Retriever,5.0,2.0,31.0,2.6,80.6,High,2.0,False,False,False
29,CP_MP-17-0003290_H3,0.0,0.0,0.8947949409484863,0.1052050665020942,CP_MP-17-0003290,,,,,,,,,False,False,False
30,CP_MP-21-0009126_L2,0.0,0.0,0.972367227077484,0.0276327636092901,CP_MP-21-0009126,Golden retriver,3.0,1.0,16.0,2.1,34.4,Low,2.0,False,False,False
31,CP_MP-21-0009359_L2,0.0,0.0,0.9693865776062012,0.0306134633719921,CP_MP-21-0009359,Cocker Spaniel,11.0,1.0,10.0,1.9,19.3,Low,2.0,False,False,False
32,CP_MP-21-0009825_L2,0.0,0.0,0.9101274013519288,0.089872620999813,CP_MP-21-0009825,,,,,,,,,False,False,False
33,CP_MP-21-0000225_L1,0.0,0.0,0.7896291613578796,0.2103708684444427,CP_MP-21-0000225,"Poodle, Toy",7.0,2.0,1.6,1.47,2.35,Low,1.0,False,False,False
34,CP_MP-21-0009127_L2,0.0,1.0,0.3960019648075104,0.6039980053901672,CP_MP-21-0009127,Labrador,6.0,2.0,20.0,2.9,86.6,Low,2.0,True,True,False
0,CP_MP-21-0001718,1.0,1.0,0.0758961588144302,0.924103856086731,CP_MP-21-0001718,Maltese Dog,13.0,2.0,26.0,2.8,79.9,Low,2.0,False,False,False
1,CP_MP-20-0014732,1.0,1.0,0.3323258459568023,0.66767418384552,CP_MP-20-0014732,Mixed ,10.0,2.0,23.6,2.47,58.21,High,3.0,False,False,False
2,CP_MP-21-0010878,1.0,1.0,0.0267590004950761,0.9732409715652466,CP_MP-21-0010878,?,,2.0,60.0,3.1,186.0,Low,2.0,False,False,False
3,CP_MP-21-0008894,1.0,1.0,0.1665100902318954,0.8334898948669434,CP_MP-21-0008894,Tibetan Terrier,10.0,2.0,22.6,2.57,58.01,High,3.0,False,False,False
4,CP_MP-20-0009016,1.0,1.0,0.1824630796909332,0.8175368905067444,CP_MP-20-0009016,Poodle,10.0,2.0,11.0,1.8,19.8,Low,2.0,False,False,False
5,CP_MP-21-0009594,1.0,1.0,0.441072940826416,0.558927059173584,CP_MP-21-0009594,Mixed ,11.0,2.0,18.4,1.43,26.37,High,2.0,False,False,False
6,CP_MP-21-0013151,1.0,1.0,0.1608668118715286,0.8391332030296326,CP_MP-21-0013151,?,10.0,2.0,85.0,3.2,272.0,High,3.0,False,False,False
7,CP_MP-20-0008897,1.0,1.0,0.1487262696027755,0.8512737154960632,CP_MP-20-0008897,Boston Terrier,6.0,2.0,31.0,3.0,93.0,High,2.0,False,False,False
8,CP_MP-21-0004163,1.0,0.0,0.575641930103302,0.4243580996990204,CP_MP-21-0004163,Dachshund,11.0,2.0,55.0,2.9,158.9,High,2.0,True,False,True
9,CP_MP-21-0007582,1.0,1.0,0.1490897536277771,0.8509101867675781,CP_MP-21-0007582,Mixed ,8.0,2.0,83.0,3.6,298.8,High,3.0,False,False,False
10,CP_MP-21-0012910,1.0,1.0,0.4580481648445129,0.5419518351554871,CP_MP-21-0012910,Labrador ,10.0,2.0,7.0,1.8,12.6,Low,2.0,False,False,False
11,CP_MP-17-0013378,1.0,0.0,0.7302895188331604,0.2697104811668396,CP_MP-17-0013378,,,,,,,,,True,False,True
12,CP_MP-21-0009586,1.0,1.0,0.2032884359359741,0.7967115640640259,CP_MP-21-0009586,Vizsla,11.0,2.0,36.0,3.7,133.2,Low,2.0,False,False,False
13,CP_MP-21-0006280,1.0,1.0,0.0251626260578632,0.974837362766266,CP_MP-21-0006280,Boxer,7.0,2.0,32.0,3.0,94.6,High,2.0,False,False,False
14,CP_MP-21-0005744,1.0,1.0,0.0427885502576828,0.9572114944458008,CP_MP-21-0005744,?,5.0,1.0,11.0,1.6,17.6,Low,2.0,False,False,False
15,CP_MP-21-0009514,1.0,0.0,0.8416770696640015,0.1583229452371597,CP_MP-21-0009514,Mixed ,11.0,2.0,14.0,1.8,25.2,High,3.0,True,False,True
16,CP_MP-21-0012049,1.0,1.0,0.3229872584342956,0.6770128011703491,CP_MP-21-0012049,"Poodle, Toy",12.0,2.0,48.0,2.5,120.0,High,2.0,False,False,False
17,CP_MP-19-0004340_H2,0.0,1.0,0.4046509563922882,0.5953490734100342,CP_MP-19-0004340,Boston Terrier,1.0,2.0,37.0,2.1,77.7,High,2.0,True,True,False
18,CP_MP-20-0003529_L2,0.0,0.0,0.8533598184585571,0.1466401815414428,CP_MP-20-0003529,?,7.0,2.0,5.0,1.8,9.0,Low,2.0,False,False,False
19,CP_MP-21-0008131_L2,0.0,0.0,0.699695885181427,0.3003040850162506,CP_MP-21-0008131,Mixed,7.0,1.0,12.0,1.7,19.9,Low,2.0,False,False,False
20,CP_MP-18-0006963_L2,0.0,0.0,0.867313027381897,0.1326870173215866,CP_MP-18-0006963,Boxer,6.0,1.0,7.0,1.7,11.9,Low,2.0,False,False,False
21,CP_IH-19-0008477,0.0,0.0,0.8650314807891846,0.134968489408493,CP_IH-19-0008477,,,,,,,,,False,False,False
22,CP_MP-21-0009585_L2,0.0,0.0,0.9582280516624452,0.0417719930410385,CP_MP-21-0009585,Bernese Mountain Dog,8.0,2.0,6.2,1.5,9.3,Low,2.0,False,False,False
23,CP_MP-21-0000588_L2,0.0,1.0,0.1667960882186889,0.833203911781311,CP_MP-21-0000588,Mixed ,10.0,2.0,45.0,2.5,112.5,Low,2.0,True,True,False
24,CP_MP-21-0008119_L2,0.0,0.0,0.8640578389167786,0.135942131280899,CP_MP-21-0008119,Dachshund,11.0,1.0,8.0,1.8,14.6,Low,2.0,False,False,False
25,CP_MP-20-0003419_L2,0.0,0.0,0.7782153487205505,0.2217846363782882,CP_MP-20-0003419,Collie,6.0,2.0,22.0,2.1,46.2,Low,2.0,False,False,False
26,CP_MP-21-0012057_L1,0.0,1.0,0.3219646215438843,0.6780354380607605,CP_MP-21-0012057,Labrador ,9.0,2.0,6.0,1.8,10.8,Low,1.0,True,True,False
27,CP_MP-21-0005469_H2,0.0,1.0,0.4245605766773224,0.5754393935203552,CP_MP-21-0005469,Mixed,0.5,2.0,12.6,2.5,31.5,High,2.0,True,True,False
28,CP_MP-21-0010857_L2,0.0,0.0,0.9386467337608336,0.061353288590908,CP_MP-21-0010857,Mixed ,10.0,2.0,49.0,2.2,107.8,Low,2.0,False,False,False
29,CP_MP-18-0012909,0.0,0.0,0.6629374623298645,0.3370625078678131,CP_MP-18-0012909,Vizsla,12.0,2.0,56.0,3.3,184.8,High,3.0,False,False,False
30,CP_MP-19-0006066_H2,0.0,0.0,0.5926814079284668,0.4073185324668884,CP_MP-19-0006066,Shiba Inu,11.0,2.0,27.0,2.9,78.3,High,2.0,False,False,False
31,CP_MP-17-0013794_L1,0.0,0.0,0.7062300443649292,0.2937699854373932,CP_MP-17-0013794,Boxer,4.0,2.0,57.0,2.3,131.1,Low,1.0,False,False,False
32,CP_MP-19-0003053_H2,0.0,1.0,0.0293061956763267,0.970693826675415,CP_MP-19-0003053,Golden Retriever,9.0,2.0,17.0,1.6,27.2,High,2.0,True,True,False
33,CP_MP-19-0013660_H2,0.0,0.0,0.9544289708137512,0.0455710515379905,CP_MP-19-0013660,Shih Tzu,10.0,2.0,27.0,3.7,99.9,High,2.0,False,False,False
34,CP_MP-18-0003749_L2,0.0,0.0,0.9959123730659484,0.0040875906124711,CP_MP-18-0003749,Great Pyrenees,6.0,2.0,12.0,1.7,20.4,Low,2.0,False,False,False
0,CP_MP-19-0008528,1.0,1.0,0.4615914225578308,0.5384085774421692,CP_MP-19-0008528,Boxer,8.0,2.0,23.0,1.5,34.5,High,3.0,False,False,False
1,CP_MP-20-0013067,1.0,1.0,0.305269718170166,0.6947303414344788,CP_MP-20-0013067,?,,2.0,36.0,3.0,109.1,High,3.0,False,False,False
2,CP_MP-19-0006142,1.0,0.0,0.5520413517951965,0.4479586780071258,CP_MP-19-0006142,Mixed ,12.0,2.0,44.0,2.6,114.4,High,2.0,True,False,True
3,CP_MP-21-0001023,1.0,1.0,0.0014116584789007,0.9985882639884948,CP_MP-21-0001023,?,,2.0,40.0,2.8,112.2,Low,2.0,False,False,False
4,CP_MP-18-0005024,1.0,1.0,0.2582481503486633,0.7417518496513367,CP_MP-18-0005024,?,5.0,2.0,45.0,3.2,144.0,High,3.0,False,False,False
5,CP_MP-21-0004311,1.0,1.0,0.038429956883192,0.9615700244903564,CP_MP-21-0004311,Boxer,5.0,2.0,59.0,1.9,112.1,High,3.0,False,False,False
6,CP_MP-21-0002779,1.0,1.0,0.0197111703455448,0.980288863182068,CP_MP-21-0002779,?,8.0,2.0,37.0,3.0,111.0,High,2.0,False,False,False
7,CP_MP-21-0011186,1.0,1.0,0.0714470446109771,0.9285529851913452,CP_MP-21-0011186,Labrador ,12.0,2.0,47.0,2.0,94.0,High,2.0,False,False,False
8,CP_MP-21-0002609,1.0,0.0,0.6346231698989868,0.3653768002986908,CP_MP-21-0002609,?,,2.0,36.0,2.7,97.2,Low,1.0,True,False,True
9,CP_MP-21-0006365,1.0,1.0,0.1347445845603943,0.8652554154396057,CP_MP-21-0006365,?,7.0,2.0,75.0,2.0,153.5,High,3.0,False,False,False
10,CP_MP-21-0013235,1.0,1.0,0.0804003328084945,0.9195996522903442,CP_MP-21-0013235,Bernese Mountain Dog,7.0,2.0,10.0,2.0,20.0,High,2.0,False,False,False
11,CP_MP-21-0012871,1.0,1.0,0.0365251265466213,0.9634749293327332,CP_MP-21-0012871,?,,2.0,31.0,1.8,55.8,Low,2.0,False,False,False
12,CP_MP-19-0003131,1.0,1.0,0.1111142635345459,0.8888856768608093,CP_MP-19-0003131,Pointer,2.0,2.0,15.0,2.3,34.5,Low,2.0,False,False,False
13,CP_MP-18-0003642,1.0,1.0,0.0140782995149493,0.9859216809272766,CP_MP-18-0003642,?,9.0,2.0,43.0,3.1,133.3,High,3.0,False,False,False
14,CP_MP-20-0013838,1.0,1.0,0.2013942003250122,0.7986057996749878,CP_MP-20-0013838,Rhodesian Ridgeback,10.0,2.0,45.0,3.0,134.4,High,2.0,False,False,False
15,CP_MP-21-0000490,1.0,1.0,0.0183505322784185,0.9816494584083556,CP_MP-21-0000490,Shih tzu,7.0,2.0,6.4,1.5,9.6,High,2.0,False,False,False
16,CP_MP-20-0013949,1.0,1.0,0.0072028590366244,0.9927971959114076,CP_MP-20-0013949,Shih TzufS,12.0,2.0,60.0,2.8,168.0,High,2.0,False,False,False
17,CP_MP-19-0010139,1.0,1.0,0.0413862466812133,0.9586138129234314,CP_MP-19-0010139,Mixed ,10.0,2.0,80.0,1.9,152.0,High,2.0,False,False,False
18,CP_MP-21-0009505_H3,0.0,0.0,0.985124945640564,0.0148750133812427,CP_MP-21-0009505,?,10.0,2.0,11.8,1.73,20.45,High,3.0,False,False,False
19,CP_MP-21-0009114_L2,0.0,0.0,0.996719777584076,0.0032802505884319,CP_MP-21-0009114,?,5.0,1.0,15.0,2.2,32.7,Low,2.0,False,False,False
20,CP_MP-21-0000751_H2,0.0,1.0,0.4493651092052459,0.5506348609924316,CP_MP-21-0000751,Mixed ,10.0,2.0,16.0,2.3,43.7,High,2.0,True,True,False
21,CP_MP-21-0004248_H3,0.0,0.0,0.5500655770301819,0.4499343931674957,CP_MP-21-0004248,American Pit Bull,7.0,2.0,70.0,2.9,202.7,High,3.0,False,False,False
22,CP_MP-21-0011223_H2,0.0,0.0,0.8969733715057373,0.1030266061425209,CP_MP-21-0011223,Mixed,14.0,2.0,47.0,2.7,126.9,High,2.0,False,False,False
23,CP_MP-18-0005009_H2,0.0,0.0,0.9853039383888244,0.0146959880366921,CP_MP-18-0005009,?,,2.0,87.0,2.5,217.5,Low,2.0,False,False,False
24,CP_MP-19-0008490_H2,0.0,0.0,0.9961141347885132,0.0038858717307448,CP_MP-19-0008490,Mixed ,8.0,1.0,40.0,3.3,132.0,High,2.0,False,False,False
25,CP_MP-21-0006282_H2,0.0,0.0,0.999231219291687,0.0007688023615628,CP_MP-21-0006282,Labrador ,8.0,2.0,46.0,2.9,134.2,Low,2.0,False,False,False
26,CP_MP-18-0002344_L2,0.0,0.0,0.892555296421051,0.1074447035789489,CP_MP-18-0002344,,,,,,,,,False,False,False
27,CP_MP-20-0015095_H3,0.0,0.0,0.9971008896827698,0.0028990861028432,CP_MP-20-0015095,Labrador,11.0,2.0,28.0,3.0,84.0,High,3.0,False,False,False
28,CP_MP-21-0007891_L2,0.0,0.0,0.841571569442749,0.1584283858537674,CP_MP-21-0007891,?,,2.0,45.0,3.2,142.1,Low,2.0,False,False,False
29,CP_MP-21-0011249_H2,0.0,0.0,0.7660276293754578,0.2339723706245422,CP_MP-21-0011249,Shiba Inu,10.0,2.0,64.0,2.6,166.4,High,2.0,False,False,False
30,CP_MP-20-0008507_H2,0.0,0.0,0.7820826768875122,0.2179172784090042,CP_MP-20-0008507,Mixed,10.0,2.0,34.0,3.9,132.6,High,2.0,False,False,False
31,CP_MP-18-0003692_L2,0.0,1.0,0.3729124367237091,0.6270875334739685,CP_MP-18-0003692,Maltese ,8.0,2.0,15.0,1.7,25.5,High,2.0,True,True,False
32,CP_MP-21-0009358_L2,0.0,0.0,0.6142982840538025,0.3857017457485199,CP_MP-21-0009358,Rotweiler,7.0,1.0,3.0,1.9,5.6,Low,2.0,False,False,False
33,CP_MP-21-0009827_L2,0.0,0.0,0.9975595474243164,0.0024404085706919,CP_MP-21-0009827,Mixed,10.0,2.0,12.8,1.63,20.91,Low,2.0,False,False,False
34,CP_MP-21-0001156_H2,0.0,1.0,0.2431210875511169,0.7568789124488831,CP_MP-21-0001156,Mixed,13.0,3.0,31.0,2.4,74.4,High,2.0,True,True,False
0,CP_MP-21-0004288,1.0,1.0,0.2961215674877167,0.7038784623146057,CP_MP-21-0004288,Labrador,10.0,2.0,60.0,3.0,182.6,High,2.0,False,False,False
1,CP_MP-18-0001140,1.0,1.0,0.2219865471124649,0.7780134677886963,CP_MP-18-0001140,?,9.0,2.0,47.0,2.8,181.8,High,2.0,False,False,False
2,CP_MP-21-0009115,1.0,1.0,0.3920665383338928,0.6079334616661072,CP_MP-21-0009115,?,5.0,2.0,50.0,2.8,141.3,High,2.0,False,False,False
3,CP_MP-20-0014785,1.0,1.0,0.1114405989646911,0.8885594606399536,CP_MP-20-0014785,?,,2.0,8.4,2.43,20.44,Low,2.0,False,False,False
4,CP_MP-21-0002389,1.0,1.0,0.0114876423031091,0.988512396812439,CP_MP-21-0002389,Chesapeake Bay Retriever,7.0,2.0,14.0,1.4,19.6,Low,2.0,False,False,False
5,CP_MP-21-0006757,1.0,1.0,0.3754357397556305,0.6245642304420471,CP_MP-21-0006757,Golden Retriever,5.0,2.0,27.6,4.47,123.33,High,3.0,False,False,False
6,CP_MP-19-0013558,1.0,1.0,0.1086507886648178,0.8913492560386658,CP_MP-19-0013558,Mixed,8.0,2.0,18.0,1.8,32.4,Low,2.0,False,False,False
7,CP_MP-19-0003057,1.0,1.0,0.4428597092628479,0.5571402907371521,CP_MP-19-0003057,Mixed ,13.0,2.0,66.0,2.3,151.8,Low,2.0,False,False,False
8,CP_MP-20-0015272-2,1.0,1.0,0.4974185228347778,0.5025814175605774,CP_MP-20-0015272-2,,,,,,,,,False,False,False
9,CP_MP-21-0013078-2,1.0,1.0,0.1512085944414138,0.8487914204597473,CP_MP-21-0013078-2,Mixed ,,2.0,29.0,2.2,63.8,High,2.0,False,False,False
10,CP_MP-19-0003064,1.0,1.0,0.0646155327558517,0.9353844523429872,CP_MP-19-0003064,?,,3.0,48.0,2.0,96.0,High,3.0,False,False,False
11,CP_MP-20-0011816,1.0,0.0,0.5421300530433655,0.4578699469566345,CP_MP-20-0011816,Great Dane,6.0,2.0,25.0,2.6,66.7,High,2.0,True,False,True
12,CP_MP-21-0010964,1.0,1.0,0.0356408208608627,0.9643592238426208,CP_MP-21-0010964,Mixed ,11.0,2.0,4.0,1.6,6.4,Low,2.0,False,False,False
13,CP_MP-19-0013598,1.0,1.0,0.1194255352020263,0.8805744647979736,CP_MP-19-0013598,Labrador ,9.0,2.0,14.0,2.2,30.8,High,3.0,False,False,False
14,CP_MP-21-0005024,1.0,1.0,0.1332243680953979,0.866775631904602,CP_MP-21-0005024,Maltese Dog,14.0,2.0,75.0,3.2,242.8,High,3.0,False,False,False
15,CP_MP-21-0000852,1.0,1.0,0.0236598029732704,0.9763402342796326,CP_MP-21-0000852,Labrador Retriever,4.0,2.0,14.0,1.8,56.5,High,2.0,False,False,False
16,CP_MP-21-0000604,1.0,1.0,0.1504377722740173,0.8495622277259827,CP_MP-21-0000604,?,9.0,2.0,16.0,1.5,24.0,Low,2.0,False,False,False
17,CP_MP-20-0002081,1.0,1.0,0.0448437444865703,0.9551562070846558,CP_MP-20-0002081,Vizsla,12.0,2.0,55.0,3.9,214.5,High,3.0,False,False,False
18,CP_MP-20-0015808,1.0,0.0,0.7508580088615417,0.2491419613361358,CP_MP-20-0015808,Boxer,10.0,2.0,60.0,2.8,167.3,Low,2.0,True,False,True
19,CP_MP-18-0002372_L2,0.0,0.0,0.5195412039756775,0.4804588258266449,CP_MP-18-0002372,,,,,,,,,False,False,False
20,CP_MP-17-0013488_H2,0.0,1.0,0.2807819247245788,0.7192180156707764,CP_MP-17-0013488,Mixed ,4.0,2.0,11.0,2.9,31.9,High,2.0,True,True,False
21,CP_MP-17-0003201_H3,0.0,0.0,0.8065195083618164,0.1934804320335388,CP_MP-17-0003201,Schnauzer ,10.0,2.0,12.0,2.9,34.8,High,3.0,False,False,False
22,CP_MP-21-0006162_L2,0.0,0.0,0.882854700088501,0.1171453520655632,CP_MP-21-0006162,American Staffordshire,10.0,1.0,15.0,1.9,29.1,Low,2.0,False,False,False
23,CP_MP-21-0009131_L2,0.0,0.0,0.8940207958221436,0.1059792265295982,CP_MP-21-0009131,?,5.0,1.0,9.0,1.9,17.4,Low,2.0,False,False,False
24,CP_MP-21-0009275_L2,0.0,0.0,0.9275062680244446,0.072493739426136,CP_MP-21-0009275,?,5.0,1.0,16.0,2.0,32.0,Low,2.0,False,False,False
25,CP_MP-19-0008554-2_L2,0.0,1.0,0.1327191740274429,0.8672808408737183,CP_MP-19-0008554-2,French Bulldog,13.0,2.0,7.0,1.6,11.2,Low,2.0,True,True,False
26,CP_MP-21-0004254_L2,0.0,0.0,0.6199986934661865,0.3800012767314911,CP_MP-21-0004254,Mixed ,4.0,1.0,3.0,2.0,5.9,Low,2.0,False,False,False
27,CP_MP-17-0003285_H3,0.0,0.0,0.9547529220581056,0.0452470518648624,CP_MP-17-0003285,Mixed ,10.0,2.0,50.0,3.2,160.0,High,2.0,False,False,False
28,CP_MP-21-0000821_L2,0.0,0.0,0.9511416554450988,0.048858355730772,CP_MP-21-0000821,Labrador ,8.0,2.0,2.0,1.7,3.4,Low,2.0,False,False,False
29,CP_MP-21-0005848_H3,0.0,1.0,0.2090436369180679,0.7909563779830933,CP_MP-21-0005848,Mixed ,,2.0,4.2,2.27,9.53,High,3.0,True,True,False
30,CP_MP-18-0000957_H2,0.0,0.0,0.9982938170433044,0.0017062196275219,CP_MP-18-0000957,Pug,10.0,2.0,73.0,7.5,547.5,High,2.0,False,False,False
31,CP_MP-21-0009981_L2,0.0,0.0,0.9871795773506165,0.0128203686326742,CP_MP-21-0009981,Labrador ,6.0,2.0,17.0,2.4,40.8,Low,2.0,False,False,False
32,CP_MP-18-0005003_L2,0.0,0.0,0.8952123522758484,0.1047876104712486,CP_MP-18-0005003,?,,2.0,31.0,2.4,74.4,Low,2.0,False,False,False
33,CP_MP-21-0000520_L2,0.0,0.0,0.955486536026001,0.0445134155452251,CP_MP-21-0000520,Mixed ,8.0,1.0,2.0,1.4,2.8,Low,2.0,False,False,False
34,CP_MP-21-0009735_H2,0.0,1.0,0.325560063123703,0.6744399070739746,CP_MP-21-0009735,Yorkshire Terrier,11.0,2.0,27.0,2.67,72.09,High,2.0,True,True,False
0,CP_MP-21-0009050,1.0,1.0,0.4447654187679291,0.5552346110343933,CP_MP-21-0009050,?,9.0,2.0,4.0,2.07,8.28,Low,2.0,False,False,False
1,CP_MP-21-0009548,1.0,0.0,0.5599919557571411,0.4400080442428589,CP_MP-21-0009548,Rat Terrier,,2.0,39.8,3.1,123.38,High,3.0,True,False,True
2,CP_MP-21-0009290,1.0,1.0,0.4176518023014068,0.5823481678962708,CP_MP-21-0009290,?,11.0,2.0,50.0,2.8,140.5,High,3.0,False,False,False
3,CP_MP-21-0002713,1.0,1.0,0.0267036445438861,0.9732964038848876,CP_MP-21-0002713,Mixed,8.0,2.0,36.0,2.7,97.2,High,2.0,False,False,False
4,CP_MP-20-0003427,1.0,1.0,0.038695354014635,0.9613046646118164,CP_MP-20-0003427,Rat Terrier,10.0,2.0,45.0,2.0,90.0,High,2.0,False,False,False
5,CP_MP-21-0005027,1.0,1.0,0.1060092747211456,0.893990695476532,CP_MP-21-0005027,?,,2.0,45.0,3.0,135.0,High,2.0,False,False,False
6,CP_MP-21-0004444,1.0,1.0,0.0628308355808258,0.9371691942214966,CP_MP-21-0004444,?,,2.0,68.0,2.5,170.0,Low,2.0,False,False,False
7,CP_MP-20-0012053,1.0,1.0,0.117880143225193,0.88211989402771,CP_MP-20-0012053,Mixed,9.0,2.0,12.0,2.4,28.8,High,3.0,False,False,False
8,CP_MP-19-0004535,1.0,1.0,0.0807066485285759,0.9192933440208436,CP_MP-19-0004535,Bernese Mountain Dog,10.0,2.0,67.0,2.12,142.0,High,3.0,False,False,False
9,CP_MP-21-0003900,1.0,1.0,0.0045809997245669,0.9954190254211426,CP_MP-21-0003900,?,,2.0,35.0,2.0,70.0,Low,2.0,False,False,False
10,CP_MP-21-0000375,1.0,1.0,0.0561303533613681,0.9438697099685668,CP_MP-21-0000375,?,,2.0,14.0,2.3,32.2,High,2.0,False,False,False
11,CP_MP-20-0008713,1.0,1.0,0.0318826921284198,0.968117356300354,CP_MP-20-0008713,Labrador,7.0,2.0,24.5,3.2,78.4,Low,2.0,False,False,False
12,CP_MP-20-0014002,1.0,1.0,0.0082980198785662,0.9917020201683044,CP_MP-20-0014002,Shiba Inu,12.0,2.0,30.0,2.7,80.9,Low,2.0,False,False,False
13,CP_MP-20-0008774,1.0,1.0,0.032940786331892,0.9670591950416564,CP_MP-20-0008774,?,,2.0,62.0,3.5,217.6,Low,2.0,False,False,False
14,CP_MP-19-0005121,1.0,1.0,0.0996090769767761,0.9003909230232239,CP_MP-19-0005121,?,,1.0,9.0,2.1,18.9,Low,2.0,False,False,False
15,CP_MP-19-0008554,1.0,1.0,0.3652344048023224,0.634765625,CP_MP-19-0008554,,,,,,,,,False,False,False
16,CP_MP-21-0009235,1.0,1.0,0.0715894699096679,0.928410530090332,CP_MP-21-0009235,Lhasa Apso,11.0,2.0,60.0,2.6,156.3,High,3.0,False,False,False
17,CP_MP-21-0007896 2,1.0,1.0,0.0799215584993362,0.9200783967971802,CP_MP-21-0007896 2,,,,,,,,,False,False,False
18,CP_MP-21-0009116_L2,0.0,0.0,0.9694262146949768,0.0305737629532814,CP_MP-21-0009116,?,10.0,1.0,8.0,1.9,15.1,Low,2.0,False,False,False
19,CP_MP-21-0012908,0.0,1.0,0.2448012679815292,0.7551986575126648,CP_MP-21-0012908,Greyhound ,10.0,2.0,9.0,2.6,23.4,High,2.0,True,True,False
20,CP_MP-18-0002328_L2,0.0,0.0,0.9644638895988464,0.0355361439287662,CP_MP-18-0002328,,,,,,,,,False,False,False
21,CP_IH-21-0013282_H2,0.0,1.0,0.0343595072627067,0.9656405448913574,CP_IH-21-0013282,Mixed ,12.0,2.0,,,,High,2.0,True,True,False
22,CP_MP-21-0002310_L2,0.0,0.0,0.7371487021446228,0.2628512680530548,CP_MP-21-0002310,Beagle,6.0,2.0,16.0,1.4,22.4,Low,2.0,False,False,False
23,CP_MP-18-0002598_H3,0.0,0.0,0.952897012233734,0.0471029356122016,CP_MP-18-0002598,,,,,,,,,False,False,False
24,CP_MP-19-0008539_L2,0.0,0.0,0.9992765784263612,0.0007234358927235,CP_MP-19-0008539,?,5.0,2.0,11.0,1.3,14.3,Low,2.0,False,False,False
25,CP_MP-21-0000829_L2,0.0,0.0,0.996688187122345,0.0033117863349616,CP_MP-21-0000829,Mixed ,9.0,1.0,19.0,1.8,34.2,Low,2.0,False,False,False
26,CP_MP-21-0006156_L2,0.0,1.0,0.3643102049827575,0.6356897950172424,CP_MP-21-0006156,Mixed,5.0,1.0,10.0,2.2,22.1,Low,2.0,True,True,False
27,CP_MP-17-0014077_H2,0.0,0.0,0.7527595162391663,0.2472404837608337,CP_MP-17-0014077,Mixed ,7.0,2.0,70.0,3.3,231.0,High,2.0,False,False,False
28,CP_MP-21-0009967_L2,0.0,0.0,0.994162380695343,0.0058375741355121,CP_MP-21-0009967,Pug,8.0,3.0,27.0,1.83,49.41,Low,2.0,False,False,False
29,CP_MP-21-0011250_H2,0.0,0.0,0.5601765513420105,0.4398234188556671,CP_MP-21-0011250,Boston Terrier,7.0,2.0,33.0,1.8,59.4,High,2.0,False,False,False
30,CP_MP-20-0014231_H3,0.0,0.0,0.9720659255981444,0.0279341414570808,CP_MP-20-0014231,Golden Retriever,9.0,2.0,11.0,1.7,18.7,High,3.0,False,False,False
31,CP_MP-21-0008075_L1,0.0,0.0,0.8867626786231995,0.1132373437285423,CP_MP-21-0008075,?,12.0,1.0,12.0,1.4,16.5,Low,1.0,False,False,False
32,CP_MP-21-0000605_L2,0.0,0.0,0.9997753500938416,0.0002246741496492,CP_MP-21-0000605,Yorkshire Terrier,8.0,1.0,6.0,1.8,10.8,Low,2.0,False,False,False
33,CP_MP-21-0004143_L2,0.0,0.0,0.8173593282699585,0.1826407015323639,CP_MP-21-0004143,?,8.0,2.0,30.0,2.7,81.2,Low,2.0,False,False,False
34,CP_MP-17-0014094_L2,0.0,1.0,0.3286486566066742,0.6713513731956482,CP_MP-17-0014094,Pug,7.0,2.0,17.0,2.0,34.0,Low,2.0,True,True,False
0,CP_MP-20-0012825,1.0,1.0,0.3855610191822052,0.6144390106201172,CP_MP-20-0012825,Mixed ,,2.0,40.0,2.8,110.8,Low,3.0,False,False,False
1,CP_MP-21-0006811,1.0,1.0,0.2351025938987732,0.7648974657058716,CP_MP-21-0006811,Mixed,6.0,3.0,,,,High,3.0,False,False,False
2,CP_MP-20-0002151,1.0,0.0,0.5523977875709534,0.447602242231369,CP_MP-20-0002151,Papillon,13.0,2.0,7.0,2.0,14.0,High,2.0,True,False,True
3,CP_MP-21-0002781,1.0,1.0,0.1032117009162902,0.8967882990837097,CP_MP-21-0002781,Labrador ,6.0,2.0,54.0,2.8,151.2,High,2.0,False,False,False
4,CP_MP-19-0008089,1.0,1.0,0.3286939859390259,0.6713059544563293,CP_MP-19-0008089,?,,2.0,27.0,2.7,72.9,High,2.0,False,False,False
5,CP_MP-19-0010011,1.0,1.0,0.278796523809433,0.7212034463882446,CP_MP-19-0010011,Labrador ,11.0,2.0,156.0,2.5,390.0,High,2.0,False,False,False
6,CP_MP-17-0014072,1.0,0.0,0.5519877672195435,0.4480122327804565,CP_MP-17-0014072,Labrador ,11.0,2.0,32.0,3.0,96.0,High,3.0,True,False,True
7,CP_MP-21-0005475,1.0,1.0,0.2848562002182007,0.7151437997817993,CP_MP-21-0005475,Mixed ,9.0,2.0,14.4,1.33,19.15,High,2.0,False,False,False
8,CP_MP-17-0013882,1.0,1.0,0.2047228813171386,0.7952770590782166,CP_MP-17-0013882,Bullmastiff,6.0,2.0,24.0,2.6,62.4,Low,2.0,False,False,False
9,CP_MP-21-0005039,1.0,1.0,0.0610294826328754,0.9389705657958984,CP_MP-21-0005039,Mixed,10.0,2.0,80.0,2.8,222.3,Low,2.0,False,False,False
10,CP_MP-20-0013991,1.0,1.0,0.1503953635692596,0.8496046662330627,CP_MP-20-0013991,Bichon Fris√©,12.0,2.0,36.0,2.5,91.6,High,2.0,False,False,False
11,CP_MP-18-0002364,1.0,1.0,0.2124968320131302,0.7875031232833862,CP_MP-18-0002364,Mixed ,7.0,2.0,66.0,2.8,184.8,High,3.0,False,False,False
12,CP_IH-20-0014949,1.0,1.0,0.4574699103832245,0.5425301194190979,CP_IH-20-0014949,Mixed,7.0,2.0,,,,High,3.0,False,False,False
13,CP_MP-21-0004458,1.0,1.0,0.4050450325012207,0.5949549674987793,CP_MP-21-0004458,Mixed,8.0,2.0,16.0,1.7,27.2,Low,2.0,False,False,False
14,CP_MP-19-0004912,1.0,0.0,0.6247918605804443,0.375208169221878,CP_MP-19-0004912,,,,,,,,,True,False,True
15,CP_MP-18-0003794,1.0,0.0,0.8458951115608215,0.1541049182415008,CP_MP-18-0003794,Chihuahua,10.0,2.0,7.0,1.7,11.9,Low,2.0,True,False,True
16,CP_MP-21-0001688,1.0,1.0,0.2025822550058365,0.7974177002906799,CP_MP-21-0001688,?,,2.0,30.0,2.8,85.1,Low,2.0,False,False,False
17,CP_MP-21-0001055,1.0,1.0,0.2292841970920562,0.7707158327102661,CP_MP-21-0001055,Rhodesian Ridgeback,5.0,1.0,15.0,1.8,27.3,Low,2.0,False,False,False
18,CP_MP-20-0014239_L2,0.0,1.0,0.3414670526981354,0.6585329174995422,CP_MP-20-0014239,?,7.0,1.0,6.0,1.7,10.2,Low,2.0,True,True,False
19,CP_MP-21-0009130_L2,0.0,0.0,0.6494954228401184,0.3505045771598816,CP_MP-21-0009130,Chow Chow,11.0,1.0,17.0,2.1,35.4,Low,2.0,False,False,False
20,CP_MP-18-0003683_L2,0.0,0.0,0.937929391860962,0.0620705522596836,CP_MP-18-0003683,Labrador ,6.0,2.0,13.0,1.6,20.6,Low,2.0,False,False,False
21,CP_MP-19-0004315_L2sc,0.0,0.0,0.6159236431121826,0.3840763866901397,CP_MP-19-0004315,?,9.0,1.0,16.0,2.5,40.0,Low,2.0,False,False,False
22,CP_MP-21-0007880_H2,0.0,0.0,0.981682300567627,0.0183176286518573,CP_MP-21-0007880,?,7.0,2.0,34.0,3.0,100.6,High,2.0,False,False,False
23,CP_MP-21-0009626_H3,0.0,1.0,0.3964599072933197,0.6035401225090027,CP_MP-21-0009626,Great dane,4.0,3.0,20.6,3.03,62.49,High,3.0,True,True,False
24,CP_MP-18-0003707_H2,0.0,0.0,0.5617488026618958,0.4382511973381042,CP_MP-18-0003707,American Pit Bull Terrier,11.0,2.0,5.0,1.3,6.5,High,2.0,False,False,False
25,CP_MP-20-0009515_H2,0.0,1.0,0.449285089969635,0.5507148504257202,CP_MP-20-0009515,Mixed,12.0,2.0,21.0,2.8,58.8,High,2.0,True,True,False
26,CP_MP-21-0007965_H2,0.0,0.0,0.7771225571632385,0.2228774428367614,CP_MP-21-0007965,Mixed,3.0,2.0,36.0,3.0,108.0,High,2.0,False,False,False
27,CP_MP-21-0000331_H3,0.0,0.0,0.9100962281227112,0.0899037420749664,CP_MP-21-0000331,English Setter,7.0,1.0,4.8,1.83,8.8,High,3.0,False,False,False
28,CP_MP-21-0010170_H3,0.0,0.0,0.9423641562461852,0.0576358437538147,CP_MP-21-0010170,?,6.0,3.0,37.6,2.17,81.47,High,3.0,False,False,False
29,CP_MP-21-0004398_L2,0.0,0.0,0.8674708604812622,0.132529154419899,CP_MP-21-0004398,Boxer,6.0,1.0,10.0,1.6,16.0,Low,2.0,False,False,False
30,CP_MP-19-0004313_H2,0.0,0.0,0.9079717993736268,0.0920282453298568,CP_MP-19-0004313,?,13.0,2.0,66.0,3.2,211.2,High,2.0,False,False,False
31,CP_MP-21-0006784_H2,0.0,0.0,0.676757276058197,0.3232427537441253,CP_MP-21-0006784,Labrador,6.0,2.0,23.8,3.33,79.33,High,2.0,False,False,False
32,CP_MP-21-0000148_H3,0.0,0.0,0.6303430795669556,0.3696569800376892,CP_MP-21-0000148,,,,,,,,,False,False,False
33,CP_MP-20-0008559_H2,0.0,1.0,0.1751637756824493,0.824836254119873,CP_MP-20-0008559,Mixed,12.0,2.0,65.0,1.4,91.0,Low,2.0,True,True,False
34,CP_MP-21-0008905_L2,0.0,0.0,0.5754339098930359,0.4245660603046417,CP_MP-21-0008905,Labrador,9.0,1.0,2.0,1.53,3.07,Low,2.0,False,False,False
0,CP_MP-21-0001757,1.0,1.0,0.0610249489545822,0.9389750957489014,CP_MP-21-0001757,Golden Retriver,5.0,2.0,30.0,3.0,90.0,High,2.0,False,False,False
1,CP_MP-20-0011820,1.0,1.0,0.087945245206356,0.912054717540741,CP_MP-20-0011820,Mixed,16.0,2.0,36.0,2.9,102.8,Low,2.0,False,False,False
2,CP_MP-21-0002488,1.0,0.0,0.7480739951133728,0.2519260048866272,CP_MP-21-0002488,Miniature Schnauzer,10.0,2.0,18.0,1.5,27.0,High,3.0,True,False,True
3,CP_MP-19-0013692,1.0,0.0,0.5521429777145386,0.4478570520877838,CP_MP-19-0013692,Labrador ,8.0,2.0,41.0,3.9,159.9,High,3.0,True,False,True
4,CP_MP-21-0011163,1.0,0.0,0.936509132385254,0.0634908750653266,CP_MP-21-0011163,?,9.0,2.0,100.0,2.9,290.0,High,2.0,True,False,True
5,CP_MP-19-0004249,1.0,0.0,0.6834331750869751,0.3165667653083801,CP_MP-19-0004249,Golden Retriever,,2.0,7.0,2.3,16.1,Low,1.0,True,False,True
6,CP_MP-21-0000518,1.0,1.0,0.1675429046154022,0.8324571251869202,CP_MP-21-0000518,?,7.0,2.0,35.0,2.0,70.0,High,2.0,False,False,False
7,CP_MP-21-0009179,1.0,1.0,0.1316961050033569,0.8683039546012878,CP_MP-21-0009179,?,,2.0,36.0,3.2,116.0,High,3.0,False,False,False
8,CP_MP-20-0013853,1.0,1.0,0.1672424226999282,0.8327575922012329,CP_MP-20-0013853,Boxer,4.0,2.0,38.0,3.2,120.5,High,3.0,False,False,False
9,CP_MP-18-0007606,1.0,1.0,0.1574290543794632,0.842570960521698,CP_MP-18-0007606,Maltese ,8.0,2.0,41.0,1.9,77.9,High,2.0,False,False,False
10,CP_MP-21-0001088,1.0,1.0,0.1627800464630127,0.8372199535369873,CP_MP-21-0001088,Flat-Coated Retriever,,3.0,26.0,5.4,140.4,Low,2.0,False,False,False
11,CP_MP-21-0000379,1.0,1.0,0.0575815923511981,0.9424184560775756,CP_MP-21-0000379,Yorkshire Terrier,2.0,2.0,5.6,1.43,8.03,Low,2.0,False,False,False
12,CP_MP-21-0009274,1.0,1.0,0.0426429398357868,0.9573571085929872,CP_MP-21-0009274,?,9.0,1.0,5.0,1.6,7.8,Low,2.0,False,False,False
13,CP_MP-21-0009589,1.0,1.0,0.1611472517251968,0.8388527631759644,CP_MP-21-0009589,Boxer,6.0,2.0,13.4,2.57,34.39,High,3.0,False,False,False
14,CP_MP-21-0004476,1.0,0.0,0.5774495005607605,0.4225504696369171,CP_MP-21-0004476,American Pit Bull ,2.0,2.0,57.0,3.0,171.0,High,2.0,True,False,True
15,CP_MP-21-0009356_L2,0.0,0.0,0.9786038398742676,0.0213960949331522,CP_MP-21-0009356,Chihuahua,10.0,1.0,6.0,1.8,10.5,Low,2.0,False,False,False
16,CP_MP-20-0015825_H2,0.0,0.0,0.9448480010032654,0.0551520027220249,CP_MP-20-0015825,American Pit Bull,4.0,2.0,36.0,2.9,104.0,High,2.0,False,False,False
17,CP_MP-21-0011123_L2,0.0,0.0,0.9809476137161256,0.0190523713827133,CP_MP-21-0011123,?,11.0,2.0,6.0,1.3,7.8,Low,2.0,False,False,False
18,CP_MP-21-0008030_L2,0.0,0.0,0.9981104135513306,0.0018895781831815,CP_MP-21-0008030,Boxer,5.0,1.0,10.0,1.8,17.8,Low,2.0,False,False,False
19,CP_MP-18-0012852_H2,0.0,0.0,0.6538370847702026,0.3461629152297973,CP_MP-18-0012852,?,,2.0,36.0,1.9,68.4,High,2.0,False,False,False
20,CP_MP-18-0003889_L2,0.0,0.0,0.8594470620155334,0.1405529826879501,CP_MP-18-0003889,,,,,,,,,False,False,False
21,CP_MP-21-0012048_H2,0.0,0.0,0.846085786819458,0.1539141833782196,CP_MP-21-0012048,Mixed ,5.0,2.0,46.0,2.6,119.6,High,2.0,False,False,False
22,CP_MP-20-0003303_H2,0.0,0.0,0.8325272798538208,0.167472705245018,CP_MP-20-0003303,American Staffordshire Terrier,6.0,1.0,1.0,1.3,1.3,High,2.0,False,False,False
23,CP_MP-19-0008615,0.0,0.0,0.7900858521461487,0.2099141031503677,CP_MP-19-0008615,,,,,,,,,False,False,False
24,CP_MP-21-0004315_H2,0.0,0.0,0.9659065008163452,0.0340934917330741,CP_MP-21-0004315,Labrador ,2.0,1.0,12.0,1.7,20.4,High,2.0,False,False,False
25,CP_MP-20-0007011_H3,0.0,0.0,0.5733240246772766,0.4266760051250458,CP_MP-20-0007011,Basenji,6.0,2.0,56.0,3.1,175.6,High,3.0,False,False,False
26,CP_MP-21-0004312_Hsc,0.0,0.0,0.8263885378837585,0.1736114770174026,CP_MP-21-0004312,,,,,,,,,False,False,False
27,CP_MP-21-0002655_H2,0.0,0.0,0.9519592523574828,0.0480407290160656,CP_MP-21-0002655,French Bulldog,5.0,2.0,32.0,2.8,89.6,High,2.0,False,False,False
28,CP_MP-21-0009826_L2,0.0,1.0,0.2933959364891052,0.7066040635108948,CP_MP-21-0009826,Boxer,4.0,2.0,42.8,2.23,95.59,Low,2.0,True,True,False
29,CP_MP-20-0007025_H2,0.0,0.0,0.6310218572616577,0.3689780831336975,CP_MP-20-0007025,Mixed,5.0,2.0,36.0,2.4,86.4,High,2.0,False,False,False
30,CP_MP-19-0006378_H2,0.0,0.0,0.9502101540565492,0.0497899167239666,CP_MP-19-0006378,Staffordshire Terrier,4.0,2.0,24.0,2.3,55.2,High,2.0,False,False,False
31,CP_MP-21-0009241_L2,0.0,0.0,0.8274919986724854,0.1725080013275146,CP_MP-21-0009241,Mixed,3.0,1.0,12.0,1.8,22.0,Low,2.0,False,False,False
32,CP_MP-21-0000705_L2,0.0,1.0,0.2761625647544861,0.7238374352455139,CP_MP-21-0000705,Staffordshire Terrier,2.0,1.0,3.0,1.3,3.9,Low,2.0,True,True,False
33,CP_MP-18-0002451_L2,0.0,0.0,0.636103630065918,0.3638963401317596,CP_MP-18-0002451,?,8.0,2.0,17.0,1.7,28.9,Low,2.0,False,False,False
34,CP_MP-21-0011191_L2,0.0,1.0,0.293107807636261,0.706892192363739,CP_MP-21-0011191,American Pit Bull Terrier,7.0,2.0,3.0,1.3,3.9,Low,2.0,True,True,False
0,CP_MP-18-0006977,1.0,0.0,0.6071011424064636,0.3928988575935364,CP_MP-18-0006977,Labrador ,9.0,2.0,7.0,1.2,8.2,Low,2.0,True,False,True
1,CP_MP-18-0002484,1.0,1.0,0.2127921134233474,0.7872079014778137,CP_MP-18-0002484,?,8.0,2.0,62.0,2.0,124.0,High,3.0,False,False,False
2,CP_MP-19-0006053,1.0,0.0,0.5686196088790894,0.4313803911209106,CP_MP-19-0006053,Mixed ,11.0,2.0,18.0,2.4,43.2,Low,2.0,True,False,True
3,CP_MP-21-0009134,1.0,0.0,0.6735647320747375,0.3264352679252624,CP_MP-21-0009134,Bulldog,11.0,2.0,70.0,2.7,189.8,High,3.0,True,False,True
4,CP_MP-20-0015275,1.0,1.0,0.065808393061161,0.9341915845870972,CP_MP-20-0015275,Chihuahua,,2.0,42.0,3.1,128.5,High,3.0,False,False,False
5,CP_MP-21-0013711,1.0,0.0,0.6846660375595093,0.3153339028358459,CP_MP-21-0013711,Bulldog,10.0,2.0,65.0,,1.6,High,2.0,True,False,True
6,CP_MP-21-0000648,1.0,1.0,0.1626679450273513,0.837332010269165,CP_MP-21-0000648,American Pit Bull ,1.0,2.0,39.0,2.2,85.8,High,2.0,False,False,False
7,CP_MP-19-0004680,1.0,1.0,0.2661505937576294,0.7338494658470154,CP_MP-19-0004680,Mixed ,5.0,2.0,25.4,2.09,53.0,Low,2.0,False,False,False
8,CP_MP-21-0009973,1.0,1.0,0.1591145098209381,0.8408854603767395,CP_MP-21-0009973,Mixed ,12.0,2.0,31.4,2.7,84.78,High,2.0,False,False,False
9,CP_MP-21-0002300,1.0,1.0,0.1295703202486038,0.8704296946525574,CP_MP-21-0002300,Jack Russell Terrier,5.0,2.0,11.0,1.9,20.9,Low,2.0,False,False,False
10,CP_MP-21-0013078-1,1.0,0.0,0.5503641366958618,0.4496358633041382,CP_MP-21-0013078-1,Mixed ,,2.0,48.0,2.0,96.0,Low,2.0,True,False,True
11,CP_MP-21-0004320,1.0,1.0,0.1563151329755783,0.8436847925186157,CP_MP-21-0004320,American Pit Bull ,9.0,1.0,16.0,2.6,42.0,Low,2.0,False,False,False
12,CP_MP-21-0005500,1.0,1.0,0.4601683318614959,0.5398316979408264,CP_MP-21-0005500,Poodle,13.0,2.0,5.0,1.73,8.67,Low,2.0,False,False,False
13,CP_MP-20-0002008,1.0,0.0,0.8968693017959595,0.1031306684017181,CP_MP-20-0002008,Golden Retriever,6.0,1.0,6.0,2.1,12.6,Low,2.0,True,False,True
14,CP_MP-21-0012901,1.0,1.0,0.2503878474235534,0.7496121525764465,CP_MP-21-0012901,Yorkshire Terrier,11.0,2.0,9.0,1.4,12.6,Low,2.0,False,False,False
15,CP_MP-20-0001931,1.0,1.0,0.0793873891234397,0.9206125736236572,CP_MP-20-0001931,Boxer,4.0,2.0,80.0,2.8,224.0,High,2.0,False,False,False
16,CP_MP-18-0003739,1.0,1.0,0.3653105795383453,0.634689450263977,CP_MP-18-0003739,?,9.0,2.0,18.0,2.3,41.4,Low,2.0,False,False,False
17,CP_MP-20-0002127,1.0,1.0,0.2471515834331512,0.7528483867645264,CP_MP-20-0002127,Schnauzer ,11.0,2.0,60.0,2.5,150.0,High,2.0,False,False,False
18,CP_MP-21-0001185_H3,0.0,1.0,0.2210793793201446,0.778920590877533,CP_MP-21-0001185,French Bulldog,7.0,2.0,54.0,3.6,194.4,High,3.0,True,True,False
19,CP_MP-21-0006159_L2,0.0,0.0,0.9768196940422058,0.0231802854686975,CP_MP-21-0006159,Golden Retriever,2.0,1.0,14.0,2.1,29.8,Low,2.0,False,False,False
20,CP_MP-17-0013530_H2,0.0,0.0,0.7410503029823303,0.258949726819992,CP_MP-17-0013530,?,12.0,2.0,56.0,3.6,145.6,High,2.0,False,False,False
21,CP_MP-20-0002128_Hsc,0.0,1.0,0.4765065610408783,0.5234934091567993,CP_MP-20-0002128,,,,,,,,,True,True,False
22,CP_MP-18-0002401_H2,0.0,0.0,0.7691483497619629,0.2308516502380371,CP_MP-18-0002401,Mixed ,7.0,2.0,60.0,2.4,144.0,High,2.0,False,False,False
23,CP_MP-20-0006950_H3,0.0,0.0,0.976099967956543,0.0238999892026186,CP_MP-20-0006950,Schnauzer,11.0,2.0,40.0,2.6,104.0,High,3.0,False,False,False
24,CP_MP-18-0015782_H3,0.0,0.0,0.807087242603302,0.1929127424955368,CP_MP-18-0015782,Maltese ,11.0,2.0,5.0,1.3,6.5,High,3.0,False,False,False
25,CP_MP-20-0015824_H3,0.0,0.0,0.7795296907424927,0.2204703390598297,CP_MP-20-0015824,Labrador,10.0,2.0,80.0,3.3,264.6,High,3.0,False,False,False
26,CP_IH-18-0004964_H2,0.0,1.0,0.3532012403011322,0.6467987298965454,CP_IH-18-0004964,?,,2.0,98.0,1.8,176.4,High,2.0,True,True,False
27,CP_MP-20-0014232_L2,0.0,0.0,0.7906028628349304,0.2093970775604248,CP_MP-20-0014232,Bichon Frise,5.0,2.0,7.0,1.6,11.2,Low,2.0,False,False,False
28,CP_MP-21-0006817_L2,0.0,0.0,0.8406234383583069,0.1593765616416931,CP_MP-21-0006817,?,3.0,1.0,6.4,1.73,11.09,Low,2.0,False,False,False
29,CP_MP_21-0009863_H2,0.0,0.0,0.7672588229179382,0.2327411919832229,CP_MP_21-0009863,,,,,,,,,False,False,False
30,CP_MP-20-0011453_H2,0.0,0.0,0.9361466765403748,0.0638533532619476,CP_MP-20-0011453,?,8.0,2.0,32.0,3.0,97.4,High,2.0,False,False,False
31,CP_MP-21-0010934_H2,0.0,0.0,0.5142441391944885,0.4857558310031891,CP_MP-21-0010934,Labrador ,10.0,2.0,3.0,1.4,4.2,High,2.0,False,False,False
32,CP_MP-21-0011136_H3,0.0,0.0,0.8517210483551025,0.1482789814472198,CP_MP-21-0011136,Mixed ,11.0,2.0,35.0,2.3,80.5,High,2.0,False,False,False
33,CP_MP-18-0002557_H2,0.0,0.0,0.9194642305374146,0.08053570240736,CP_MP-18-0002557,Shih Tzu,15.0,2.0,45.0,2.4,108.0,High,2.0,False,False,False
34,CP_MP-18-0002339_H3,0.0,0.0,0.8716912269592285,0.1283088028430938,CP_MP-18-0002339,Mixed ,7.0,2.0,59.0,2.1,123.9,High,3.0,False,False,False
0,CP_MP-17-0014039,1.0,1.0,0.0846798345446586,0.9153201580047609,CP_MP-17-0014039,"Poodle, Toy",7.0,2.0,42.0,2.0,84.0,Low,2.0,False,False,False
1,CP_MP-17-0013344,1.0,1.0,0.1289630383253097,0.8710370063781738,CP_MP-17-0013344,,,,,,,,,False,False,False
2,CP_MP-19-0004225,1.0,1.0,0.0784789696335792,0.9215210676193236,CP_MP-19-0004225,Mixed ,6.0,2.0,75.0,1.8,135.0,High,2.0,False,False,False
3,CP_MP-18-0002437,1.0,1.0,0.2941396236419678,0.7058603167533875,CP_MP-18-0002437,Mixed ,6.0,2.0,21.0,1.5,31.5,High,2.0,False,False,False
4,CP_MP-21-0000400,1.0,1.0,0.140898510813713,0.8591014742851257,CP_MP-21-0000400,Mixed,4.0,2.0,3.0,1.7,5.1,Low,2.0,False,False,False
5,CP_MP-20-0015628,1.0,1.0,0.2461955994367599,0.7538043856620789,CP_MP-20-0015628,Mixed,9.0,2.0,24.0,2.9,69.6,High,2.0,False,False,False
6,CP_MP-19-0008491,1.0,1.0,0.3894242644309997,0.6105757355690002,CP_MP-19-0008491,Bulldog ,9.0,2.0,28.0,2.4,67.2,High,2.0,False,False,False
7,CP_MP-21-0001019,1.0,1.0,0.2178474515676498,0.782152533531189,CP_MP-21-0001019,,,,,,,,,False,False,False
8,CP_MP-21-0013187,1.0,0.0,0.6777594089508057,0.3222405910491943,CP_MP-21-0013187,Golden Retriever,8.0,2.0,76.0,2.9,255.4,High,2.0,True,False,True
9,CP_MP-20-0014084,1.0,1.0,0.043511226773262,0.9564887285232544,CP_MP-20-0014084,Maltese Dog,7.0,2.0,85.0,2.2,187.0,High,3.0,False,False,False
10,CP_MP-18-0012930,1.0,0.0,0.61714768409729,0.3828523457050323,CP_MP-18-0012930,Bulldog,5.0,2.0,6.0,1.3,7.8,High,2.0,True,False,True
11,CP_MP-21-0004140,1.0,1.0,0.2479182034730911,0.7520818114280701,CP_MP-21-0004140,Golden Retriever,4.0,2.0,65.0,3.3,214.2,High,3.0,False,False,False
12,CP_MP-21-0013300,1.0,1.0,0.4082081913948059,0.5917918086051941,CP_MP-21-0013300,Doberman Pinscher,6.0,2.0,47.0,2.5,117.5,Low,2.0,False,False,False
13,CP_MP-21-0008988,1.0,1.0,0.1165041998028755,0.8834958076477051,CP_MP-21-0008988,French Bulldog,8.0,2.0,9.2,1.8,16.56,High,3.0,False,False,False
14,CP_MP-18-0003955,1.0,1.0,0.1814464479684829,0.8185535669326782,CP_MP-18-0003955,Labrador ,6.0,2.0,25.0,1.9,47.5,High,2.0,False,False,False
15,CP_MP-19-0003121,1.0,1.0,0.2099681198596954,0.7900318503379822,CP_MP-19-0003121,?,,2.0,24.0,1.8,43.2,High,3.0,False,False,False
16,CP_MP-21-0002433,1.0,1.0,0.1799153983592987,0.8200846314430237,CP_MP-21-0002433,Doberman Pinscher,11.0,2.0,28.0,1.5,42.0,High,3.0,False,False,False
17,CP_MP-21-0001291,1.0,1.0,0.3971412777900696,0.6028587222099304,CP_MP-21-0001291,?,12.0,2.0,20.0,3.16,63.33,High,3.0,False,False,False
18,CP_MP-20-0011509,1.0,1.0,0.2739816606044769,0.7260183095932007,CP_MP-20-0011509,?,,2.0,30.0,2.8,83.4,Low,2.0,False,False,False
19,CP_MP-21-0009113,1.0,1.0,0.2577897608280182,0.7422102093696594,CP_MP-21-0009113,Labrador,12.0,2.0,30.0,2.8,84.5,High,2.0,False,False,False
20,CP_MP-19-0005081_H3,0.0,1.0,0.1747778505086898,0.8252221941947937,CP_MP-19-0005081,Maltese Dog,9.0,1.0,24.2,2.64,63.88,High,3.0,True,True,False
21,CP_MP-20-0003304_H2,0.0,1.0,0.3440671563148498,0.6559327840805054,CP_MP-20-0003304,Mixed ,9.0,2.0,7.0,1.8,12.6,High,2.0,True,True,False
22,CP_MP-21-0010227_L2,0.0,1.0,0.471149742603302,0.528850257396698,CP_MP-21-0010227,Mixed ,11.0,2.0,21.4,3.1,66.34,Low,2.0,True,True,False
23,CP_MP-21-0005617_L1,0.0,0.0,0.9418352246284484,0.0581648163497448,CP_MP-21-0005617,Pug,4.0,2.0,1.8,1.43,2.58,Low,1.0,False,False,False
24,CP_MP-21-0009273_L2,0.0,0.0,0.7855662703514099,0.2144337445497512,CP_MP-21-0009273,Boxer,,1.0,13.0,1.6,20.9,Low,2.0,False,False,False
25,CP_MP-21-0000544_L2,0.0,0.0,0.6465972065925598,0.3534027934074402,CP_MP-21-0000544,Mixed,9.0,1.0,10.0,1.8,18.0,Low,2.0,False,False,False
26,CP_MP-18-0001134_L2,0.0,0.0,0.9042600393295288,0.0957399159669876,CP_MP-18-0001134,,,,,,,,,False,False,False
27,CP_MP-21-0011028_H2,0.0,0.0,0.7040740847587585,0.2959259152412414,CP_MP-21-0011028,,,,,,,,,False,False,False
28,CP_MP-19-0005093_H3,0.0,1.0,0.1428554505109787,0.8571445345878601,CP_MP-19-0005093,Mixed ,,1.0,26.0,2.7,70.2,High,3.0,True,True,False
29,CP_MP-21-0011050_H2,0.0,1.0,0.3673160374164581,0.6326839923858643,CP_MP-21-0011050,Labrador ,3.0,2.0,10.0,1.6,16.0,High,2.0,True,True,False
30,CP_MP-21-0007976_H3,0.0,1.0,0.4875641465187073,0.512435793876648,CP_MP-21-0007976,?,9.0,2.0,32.0,3.0,95.1,High,3.0,True,True,False
31,CP_MP-19-0006552_H3,0.0,0.0,0.7850877046585083,0.2149122953414917,CP_MP-19-0006552,Mixed ,10.0,2.0,18.0,2.2,39.6,High,3.0,False,False,False
32,CP_MP-21-0013240_H3,0.0,1.0,0.0975037142634391,0.9024962782859802,CP_MP-21-0013240,Labrador ,9.0,2.0,94.0,2.6,244.4,High,3.0,True,True,False
33,CP_MP-21-0009066_L2,0.0,0.0,0.7312926650047302,0.268707275390625,CP_MP-21-0009066,Boston Terrier,8.0,2.0,4.2,2.43,10.2,Low,2.0,False,False,False
34,CP_MP-21-0004141_L2,0.0,0.0,0.5275741815567017,0.4724258184432983,CP_MP-21-0004141,Labrador,9.0,2.0,28.0,2.6,73.6,Low,2.0,False,False,False
0,CP_MP-21-0005077,1.0,1.0,0.044290617108345,0.9557093381881714,CP_MP-21-0005077,?,,1.0,18.0,2.0,35.8,Low,1.0,False,False,False
1,CP_MP-18-0007528,1.0,1.0,0.2276734858751297,0.7723264694213867,CP_MP-18-0007528,?,,2.0,38.0,2.5,95.0,High,2.0,False,False,False
2,CP_MP-21-0004299,1.0,1.0,0.0092695904895663,0.9907304644584656,CP_MP-21-0004299,?,9.0,2.0,36.0,2.9,105.4,High,2.0,False,False,False
3,CP_MP-21-0009212,1.0,1.0,0.0882266908884048,0.9117733240127563,CP_MP-21-0009212,French Bulldog,8.0,2.0,28.0,2.6,73.9,High,2.0,False,False,False
4,CP_MP-19-0003037,1.0,1.0,0.0815531462430954,0.9184468984603882,CP_MP-19-0003037,?,8.0,2.0,11.0,2.1,23.1,Low,2.0,False,False,False
5,CP_MP-21-0001784,1.0,1.0,0.0528041757643222,0.947195827960968,CP_MP-21-0001784,Labrador,12.0,2.0,36.0,3.1,110.2,High,2.0,False,False,False
6,CP_MP-17-0014076,1.0,1.0,0.0319468788802623,0.968053102493286,CP_MP-17-0014076,Golden Retriever,8.0,2.0,9.0,2.3,20.7,High,3.0,False,False,False
7,CP_MP-19-0004795,1.0,1.0,0.0718534588813781,0.9281465411186218,CP_MP-19-0004795,?,,1.0,7.0,1.5,10.5,Low,2.0,False,False,False
8,CP_MP-20-0008986,1.0,1.0,0.012962806969881,0.987037181854248,CP_MP-20-0008986,French Bulldog,6.0,2.0,45.0,2.0,90.0,High,2.0,False,False,False
9,CP_MP-18-0007672,1.0,1.0,0.3685315549373626,0.6314684152603149,CP_MP-18-0007672,?,,2.0,75.0,2.5,187.5,High,3.0,False,False,False
10,CP_MP-19-0003150,1.0,1.0,0.0158516988158226,0.984148383140564,CP_MP-19-0003150,Mixed ,12.0,2.0,10.0,2.0,20.0,High,2.0,False,False,False
11,CP_MP-21-0009475,1.0,0.0,0.6176866888999939,0.3823132514953613,CP_MP-21-0009475,American Pit Bull,7.0,2.0,40.4,3.47,140.18,High,3.0,True,False,True
12,CP_MP-21-0009587,1.0,1.0,0.0029991602059453,0.9970008730888368,CP_MP-21-0009587,?,,2.0,17.8,3.2,56.96,High,2.0,False,False,False
13,CP_MP-21-0013159,1.0,1.0,0.3661400973796844,0.6338598728179932,CP_MP-21-0013159,Affenpinscher,6.0,2.0,196.0,3.2,627.2,High,3.0,False,False,False
14,CP_MP-21-0000895,1.0,1.0,0.1402967423200607,0.8597033023834229,CP_MP-21-0000895,Mixed,9.0,2.0,40.0,2.8,112.9,Low,2.0,False,False,False
15,CP_MP-21-0009909_L2,0.0,0.0,0.8681779503822327,0.1318220347166061,CP_MP-21-0009909,Boston Terrier,8.0,2.0,15.2,1.4,21.28,Low,2.0,False,False,False
16,CP_MP-20-0009005_H2,0.0,0.0,0.9953826069831848,0.0046173986047506,CP_MP-20-0009005,?,,2.0,35.0,3.5,122.5,Low,2.0,False,False,False
17,CP_MP-18-0006838_H2,0.0,0.0,0.92705899477005,0.0729410499334335,CP_MP-18-0006838,?,10.0,2.0,45.0,4.1,184.5,High,2.0,False,False,False
18,CP_MP-18-0006806_H3,0.0,1.0,0.4874929785728454,0.5125070810317993,CP_MP-18-0006806,Golden Retriever,8.0,2.0,81.0,2.7,218.7,High,3.0,True,True,False
19,CP_MP-20-0011679_H2,0.0,0.0,0.9921254515647888,0.007874621078372,CP_MP-20-0011679,?,10.0,1.0,3.0,1.8,5.4,High,2.0,False,False,False
20,CP_MP-21-0000007_H3,0.0,0.0,0.6502763628959656,0.349723607301712,CP_MP-21-0000007,?,,2.0,60.0,2.8,168.2,High,3.0,False,False,False
21,CP_IH-21-0013306_H2,0.0,1.0,0.3442516326904297,0.6557483673095703,CP_IH-21-0013306,Labrador ,12.0,2.0,22.0,2.6,57.2,High,2.0,True,True,False
22,CP_MP-21-0000027_H3,0.0,1.0,0.2891571223735809,0.7108428478240967,CP_MP-21-0000027,?,7.0,2.0,35.0,3.0,103.4,High,3.0,True,True,False
23,CP_MP-18-0015780_H2,0.0,0.0,0.9654103517532348,0.0345896407961845,CP_MP-18-0015780,Labrador ,5.0,2.0,98.0,3.1,303.8,High,2.0,False,False,False
24,CP_MP-21-0008074_L2,0.0,0.0,0.96851646900177,0.0314834825694561,CP_MP-21-0008074,Pug,11.0,2.0,60.0,4.0,241.7,Low,2.0,False,False,False
25,CP_MP-18-0002402_H2,0.0,0.0,0.7147322297096252,0.28526771068573,CP_MP-18-0002402,Jack Russell Terrier,12.0,2.0,11.0,1.6,17.6,High,2.0,False,False,False
26,CP_MP-21-0010935_H2,0.0,0.0,0.9486661553382874,0.0513338036835193,CP_MP-21-0010935,American Pit Bull Terrier,12.0,2.0,75.0,3.6,270.0,High,2.0,False,False,False
27,CP_MP-21-0006746_L2,0.0,0.0,0.784713864326477,0.2152860760688781,CP_MP-21-0006746,Cocker Spaniel,10.0,1.0,6.0,2.07,12.4,Low,2.0,False,False,False
28,CP_MP-21-0009067_L2,0.0,1.0,0.3423142731189728,0.6576857566833496,CP_MP-21-0009067,Pug,7.0,1.0,3.2,1.7,5.44,Low,2.0,True,True,False
29,CP_MP-21-0011075_H3,0.0,0.0,0.5234279036521912,0.4765720963478088,CP_MP-21-0011075,Mixed ,13.0,2.0,125.0,2.9,362.5,High,3.0,False,False,False
30,CP_MP-18-0007619_H2,0.0,0.0,0.6551108956336975,0.3448891043663025,CP_MP-18-0007619,Labrador ,12.0,2.0,55.0,2.7,148.5,High,2.0,False,False,False
31,CP_MP-18-0007034_H3,0.0,1.0,0.3015321791172027,0.6984677910804749,CP_MP-18-0007034,?,11.0,2.0,46.0,3.2,147.2,High,3.0,True,True,False
32,CP_MP-21-0010909_H2,0.0,0.0,0.9992712140083312,0.0007288015331141,CP_MP-21-0010909,Golden Retriever,9.0,2.0,65.0,2.2,143.0,High,2.0,False,False,False
33,CP_MP-21-0004978_H3,0.0,0.0,0.7162953019142151,0.2837047278881073,CP_MP-21-0004978,Labrador ,13.0,2.0,75.0,3.5,259.4,High,3.0,False,False,False
34,CP_MP-21-0009862_L2,0.0,1.0,0.1013301461935043,0.8986698985099792,CP_MP-21-0009862,?,9.0,2.0,14.2,2.37,33.65,Low,2.0,True,True,False
